<?xml version="1.0" encoding="UTF-8"?><bm_prd_family><id>724715703</id><company_id>4118171</company_id><segment_id>22</segment_id><label><en><![CDATA[PoC]]></en><fr_CA><![CDATA[]]></fr_CA></label><variable_name><![CDATA[CTL_SA_PoC]]></variable_name><is_system>0</is_system><date_modified>1389816911000</date_modified><order_number>11</order_number><label1></label1><guid><![CDATA[sbcenturylink_724715703]]></guid><_children><bm_catalog><id>724715830</id><company_id>4118171</company_id><segment_id>22</segment_id><level_id>724715705</level_id><parent_id>-1</parent_id><bm_name><en><![CDATA[Guided Selling Line]]></en><fr_CA><![CDATA[]]></fr_CA></bm_name><bm_description><en><![CDATA[config_punchin_configureIQNetworking]]></en><fr_CA><![CDATA[]]></fr_CA></bm_description><field0><en><![CDATA[]]></en><fr_CA><![CDATA[]]></fr_CA></field0><field1><en><![CDATA[]]></en><fr_CA><![CDATA[]]></fr_CA></field1><field2><en><![CDATA[]]></en><fr_CA><![CDATA[]]></fr_CA></field2><field3><en><![CDATA[]]></en><fr_CA><![CDATA[]]></fr_CA></field3><field4><en><![CDATA[]]></en><fr_CA><![CDATA[]]></fr_CA></field4><field5><en><![CDATA[]]></en><fr_CA><![CDATA[]]></fr_CA></field5><field6><en><![CDATA[]]></en><fr_CA><![CDATA[]]></fr_CA></field6><field7><en><![CDATA[]]></en><fr_CA><![CDATA[]]></fr_CA></field7><field8><en><![CDATA[]]></en><fr_CA><![CDATA[]]></fr_CA></field8><field9><en><![CDATA[]]></en><fr_CA><![CDATA[]]></fr_CA></field9><field10><en><![CDATA[]]></en><fr_CA><![CDATA[]]></fr_CA></field10><field11><en><![CDATA[]]></en><fr_CA><![CDATA[]]></fr_CA></field11><field12><en><![CDATA[]]></en><fr_CA><![CDATA[]]></fr_CA></field12><field13><en><![CDATA[]]></en><fr_CA><![CDATA[]]></fr_CA></field13><field14><en><![CDATA[]]></en><fr_CA><![CDATA[]]></fr_CA></field14><field15><en><![CDATA[]]></en><fr_CA><![CDATA[]]></fr_CA></field15><field16><en><![CDATA[]]></en><fr_CA><![CDATA[]]></fr_CA></field16><field17><en><![CDATA[]]></en><fr_CA><![CDATA[]]></fr_CA></field17><field18><en><![CDATA[]]></en><fr_CA><![CDATA[]]></fr_CA></field18><field19><en><![CDATA[]]></en><fr_CA><![CDATA[]]></fr_CA></field19><field20><en><![CDATA[]]></en><fr_CA><![CDATA[]]></fr_CA></field20><field21><en><![CDATA[]]></en><fr_CA><![CDATA[]]></fr_CA></field21><field22><en><![CDATA[]]></en><fr_CA><![CDATA[]]></fr_CA></field22><field23><en><![CDATA[]]></en><fr_CA><![CDATA[]]></fr_CA></field23><field24><en><![CDATA[]]></en><fr_CA><![CDATA[]]></fr_CA></field24><field25><en><![CDATA[]]></en><fr_CA><![CDATA[]]></fr_CA></field25><field26><en><![CDATA[]]></en><fr_CA><![CDATA[]]></fr_CA></field26><field27><en><![CDATA[]]></en><fr_CA><![CDATA[]]></fr_CA></field27><field28><en><![CDATA[]]></en><fr_CA><![CDATA[]]></fr_CA></field28><field29><en><![CDATA[]]></en><fr_CA><![CDATA[]]></fr_CA></field29><field30><en><![CDATA[]]></en><fr_CA><![CDATA[]]></fr_CA></field30><field31><en><![CDATA[]]></en><fr_CA><![CDATA[]]></fr_CA></field31><field32><en><![CDATA[]]></en><fr_CA><![CDATA[]]></fr_CA></field32><field33><en><![CDATA[]]></en><fr_CA><![CDATA[]]></fr_CA></field33><field34><en><![CDATA[]]></en><fr_CA><![CDATA[]]></fr_CA></field34><field35><en><![CDATA[]]></en><fr_CA><![CDATA[]]></fr_CA></field35><field36><en><![CDATA[]]></en><fr_CA><![CDATA[]]></fr_CA></field36><field37><en><![CDATA[]]></en><fr_CA><![CDATA[]]></fr_CA></field37><field38><en><![CDATA[]]></en><fr_CA><![CDATA[]]></fr_CA></field38><field39><en><![CDATA[]]></en><fr_CA><![CDATA[]]></fr_CA></field39><field40><en><![CDATA[]]></en><fr_CA><![CDATA[]]></fr_CA></field40><field41><en><![CDATA[]]></en><fr_CA><![CDATA[]]></fr_CA></field41><field42><en><![CDATA[]]></en><fr_CA><![CDATA[]]></fr_CA></field42><field43><en><![CDATA[]]></en><fr_CA><![CDATA[]]></fr_CA></field43><field44><en><![CDATA[]]></en><fr_CA><![CDATA[]]></fr_CA></field44><field45><en><![CDATA[]]></en><fr_CA><![CDATA[]]></fr_CA></field45><field46><en><![CDATA[]]></en><fr_CA><![CDATA[]]></fr_CA></field46><field47><en><![CDATA[]]></en><fr_CA><![CDATA[]]></fr_CA></field47><field48><en><![CDATA[]]></en><fr_CA><![CDATA[]]></fr_CA></field48><field49><en><![CDATA[]]></en><fr_CA><![CDATA[]]></fr_CA></field49><field50><en><![CDATA[]]></en><fr_CA><![CDATA[]]></fr_CA></field50><field51><en><![CDATA[]]></en><fr_CA><![CDATA[]]></fr_CA></field51><field52><en><![CDATA[]]></en><fr_CA><![CDATA[]]></fr_CA></field52><field53><en><![CDATA[]]></en><fr_CA><![CDATA[]]></fr_CA></field53><field54><en><![CDATA[]]></en><fr_CA><![CDATA[]]></fr_CA></field54><field55><en><![CDATA[]]></en><fr_CA><![CDATA[]]></fr_CA></field55><field56><en><![CDATA[]]></en><fr_CA><![CDATA[]]></fr_CA></field56><field57><en><![CDATA[]]></en><fr_CA><![CDATA[]]></fr_CA></field57><field58><en><![CDATA[]]></en><fr_CA><![CDATA[]]></fr_CA></field58><field59><en><![CDATA[]]></en><fr_CA><![CDATA[]]></fr_CA></field59><field60><en><![CDATA[]]></en><fr_CA><![CDATA[]]></fr_CA></field60><field61><en><![CDATA[]]></en><fr_CA><![CDATA[]]></fr_CA></field61><field62><en><![CDATA[]]></en><fr_CA><![CDATA[]]></fr_CA></field62><field63><en><![CDATA[]]></en><fr_CA><![CDATA[]]></fr_CA></field63><field64><en><![CDATA[]]></en><fr_CA><![CDATA[]]></fr_CA></field64><field65><en><![CDATA[]]></en><fr_CA><![CDATA[]]></fr_CA></field65><field66><en><![CDATA[]]></en><fr_CA><![CDATA[]]></fr_CA></field66><field67><en><![CDATA[]]></en><fr_CA><![CDATA[]]></fr_CA></field67><field68><en><![CDATA[]]></en><fr_CA><![CDATA[]]></fr_CA></field68><field69><en><![CDATA[]]></en><fr_CA><![CDATA[]]></fr_CA></field69><field70><en><![CDATA[]]></en><fr_CA><![CDATA[]]></fr_CA></field70><field71><en><![CDATA[]]></en><fr_CA><![CDATA[]]></fr_CA></field71><field72><en><![CDATA[]]></en><fr_CA><![CDATA[]]></fr_CA></field72><field73><en><![CDATA[]]></en><fr_CA><![CDATA[]]></fr_CA></field73><field74><en><![CDATA[]]></en><fr_CA><![CDATA[]]></fr_CA></field74><field75><en><![CDATA[]]></en><fr_CA><![CDATA[]]></fr_CA></field75><field76><en><![CDATA[]]></en><fr_CA><![CDATA[]]></fr_CA></field76><field77><en><![CDATA[]]></en><fr_CA><![CDATA[]]></fr_CA></field77><field78><en><![CDATA[]]></en><fr_CA><![CDATA[]]></fr_CA></field78><field79><en><![CDATA[]]></en><fr_CA><![CDATA[]]></fr_CA></field79><field80><en><![CDATA[]]></en><fr_CA><![CDATA[]]></fr_CA></field80><field81><en><![CDATA[]]></en><fr_CA><![CDATA[]]></fr_CA></field81><field82><en><![CDATA[]]></en><fr_CA><![CDATA[]]></fr_CA></field82><field83><en><![CDATA[]]></en><fr_CA><![CDATA[]]></fr_CA></field83><field84><en><![CDATA[]]></en><fr_CA><![CDATA[]]></fr_CA></field84><field85><en><![CDATA[]]></en><fr_CA><![CDATA[]]></fr_CA></field85><field86><en><![CDATA[]]></en><fr_CA><![CDATA[]]></fr_CA></field86><field87><en><![CDATA[]]></en><fr_CA><![CDATA[]]></fr_CA></field87><field88><en><![CDATA[]]></en><fr_CA><![CDATA[]]></fr_CA></field88><field89><en><![CDATA[]]></en><fr_CA><![CDATA[]]></fr_CA></field89><field90><en><![CDATA[]]></en><fr_CA><![CDATA[]]></fr_CA></field90><field91><en><![CDATA[]]></en><fr_CA><![CDATA[]]></fr_CA></field91><field92><en><![CDATA[]]></en><fr_CA><![CDATA[]]></fr_CA></field92><field93><en><![CDATA[]]></en><fr_CA><![CDATA[]]></fr_CA></field93><field94><en><![CDATA[]]></en><fr_CA><![CDATA[]]></fr_CA></field94><field95><en><![CDATA[]]></en><fr_CA><![CDATA[]]></fr_CA></field95><field96><en><![CDATA[]]></en><fr_CA><![CDATA[]]></fr_CA></field96><field97><en><![CDATA[]]></en><fr_CA><![CDATA[]]></fr_CA></field97><field98><en><![CDATA[]]></en><fr_CA><![CDATA[]]></fr_CA></field98><field99><en><![CDATA[]]></en><fr_CA><![CDATA[]]></fr_CA></field99><date_modified>1385595604000</date_modified><bm_variable_name><![CDATA[ctl_sa_guidedSellingLine]]></bm_variable_name><guid><![CDATA[sbcenturylink_724715830]]></guid><_children><bm_catalog><id>724715994</id><company_id>4118171</company_id><segment_id>22</segment_id><level_id>724715728</level_id><parent_id>724715830</parent_id><bm_name><en><![CDATA[Guided Selling Model]]></en><fr_CA><![CDATA[]]></fr_CA></bm_name><bm_description><en><![CDATA[]]></en><fr_CA><![CDATA[]]></fr_CA></bm_description><field0><en><![CDATA[0]]></en><fr_CA><![CDATA[]]></fr_CA></field0><field1><en><![CDATA[ctl_sa_guidedSellingModel]]></en><fr_CA><![CDATA[]]></fr_CA></field1><field2><en><![CDATA[]]></en><fr_CA><![CDATA[]]></fr_CA></field2><field3><en><![CDATA[~~~]]></en><fr_CA><![CDATA[]]></fr_CA></field3><field4><en><![CDATA[]]></en><fr_CA><![CDATA[]]></fr_CA></field4><field5><en><![CDATA[]]></en><fr_CA><![CDATA[]]></fr_CA></field5><field6><en><![CDATA[]]></en><fr_CA><![CDATA[]]></fr_CA></field6><field7><en><![CDATA[]]></en><fr_CA><![CDATA[]]></fr_CA></field7><field8><en><![CDATA[]]></en><fr_CA><![CDATA[]]></fr_CA></field8><field9><en><![CDATA[]]></en><fr_CA><![CDATA[]]></fr_CA></field9><field10><en><![CDATA[]]></en><fr_CA><![CDATA[]]></fr_CA></field10><field11><en><![CDATA[]]></en><fr_CA><![CDATA[]]></fr_CA></field11><field12><en><![CDATA[]]></en><fr_CA><![CDATA[]]></fr_CA></field12><field13><en><![CDATA[]]></en><fr_CA><![CDATA[]]></fr_CA></field13><field14><en><![CDATA[]]></en><fr_CA><![CDATA[]]></fr_CA></field14><field15><en><![CDATA[]]></en><fr_CA><![CDATA[]]></fr_CA></field15><field16><en><![CDATA[]]></en><fr_CA><![CDATA[]]></fr_CA></field16><field17><en><![CDATA[]]></en><fr_CA><![CDATA[]]></fr_CA></field17><field18><en><![CDATA[]]></en><fr_CA><![CDATA[]]></fr_CA></field18><field19><en><![CDATA[]]></en><fr_CA><![CDATA[]]></fr_CA></field19><field20><en><![CDATA[]]></en><fr_CA><![CDATA[]]></fr_CA></field20><field21><en><![CDATA[]]></en><fr_CA><![CDATA[]]></fr_CA></field21><field22><en><![CDATA[]]></en><fr_CA><![CDATA[]]></fr_CA></field22><field23><en><![CDATA[]]></en><fr_CA><![CDATA[]]></fr_CA></field23><field24><en><![CDATA[]]></en><fr_CA><![CDATA[]]></fr_CA></field24><field25><en><![CDATA[]]></en><fr_CA><![CDATA[]]></fr_CA></field25><field26><en><![CDATA[]]></en><fr_CA><![CDATA[]]></fr_CA></field26><field27><en><![CDATA[]]></en><fr_CA><![CDATA[]]></fr_CA></field27><field28><en><![CDATA[]]></en><fr_CA><![CDATA[]]></fr_CA></field28><field29><en><![CDATA[]]></en><fr_CA><![CDATA[]]></fr_CA></field29><field30><en><![CDATA[]]></en><fr_CA><![CDATA[]]></fr_CA></field30><field31><en><![CDATA[]]></en><fr_CA><![CDATA[]]></fr_CA></field31><field32><en><![CDATA[]]></en><fr_CA><![CDATA[]]></fr_CA></field32><field33><en><![CDATA[]]></en><fr_CA><![CDATA[]]></fr_CA></field33><field34><en><![CDATA[]]></en><fr_CA><![CDATA[]]></fr_CA></field34><field35><en><![CDATA[]]></en><fr_CA><![CDATA[]]></fr_CA></field35><field36><en><![CDATA[]]></en><fr_CA><![CDATA[]]></fr_CA></field36><field37><en><![CDATA[]]></en><fr_CA><![CDATA[]]></fr_CA></field37><field38><en><![CDATA[]]></en><fr_CA><![CDATA[]]></fr_CA></field38><field39><en><![CDATA[]]></en><fr_CA><![CDATA[]]></fr_CA></field39><field40><en><![CDATA[]]></en><fr_CA><![CDATA[]]></fr_CA></field40><field41><en><![CDATA[]]></en><fr_CA><![CDATA[]]></fr_CA></field41><field42><en><![CDATA[]]></en><fr_CA><![CDATA[]]></fr_CA></field42><field43><en><![CDATA[]]></en><fr_CA><![CDATA[]]></fr_CA></field43><field44><en><![CDATA[]]></en><fr_CA><![CDATA[]]></fr_CA></field44><field45><en><![CDATA[]]></en><fr_CA><![CDATA[]]></fr_CA></field45><field46><en><![CDATA[]]></en><fr_CA><![CDATA[]]></fr_CA></field46><field47><en><![CDATA[]]></en><fr_CA><![CDATA[]]></fr_CA></field47><field48><en><![CDATA[]]></en><fr_CA><![CDATA[]]></fr_CA></field48><field49><en><![CDATA[]]></en><fr_CA><![CDATA[]]></fr_CA></field49><field50><en><![CDATA[]]></en><fr_CA><![CDATA[]]></fr_CA></field50><field51><en><![CDATA[]]></en><fr_CA><![CDATA[]]></fr_CA></field51><field52><en><![CDATA[]]></en><fr_CA><![CDATA[]]></fr_CA></field52><field53><en><![CDATA[]]></en><fr_CA><![CDATA[]]></fr_CA></field53><field54><en><![CDATA[]]></en><fr_CA><![CDATA[]]></fr_CA></field54><field55><en><![CDATA[]]></en><fr_CA><![CDATA[]]></fr_CA></field55><field56><en><![CDATA[]]></en><fr_CA><![CDATA[]]></fr_CA></field56><field57><en><![CDATA[]]></en><fr_CA><![CDATA[]]></fr_CA></field57><field58><en><![CDATA[]]></en><fr_CA><![CDATA[]]></fr_CA></field58><field59><en><![CDATA[]]></en><fr_CA><![CDATA[]]></fr_CA></field59><field60><en><![CDATA[]]></en><fr_CA><![CDATA[]]></fr_CA></field60><field61><en><![CDATA[]]></en><fr_CA><![CDATA[]]></fr_CA></field61><field62><en><![CDATA[]]></en><fr_CA><![CDATA[]]></fr_CA></field62><field63><en><![CDATA[]]></en><fr_CA><![CDATA[]]></fr_CA></field63><field64><en><![CDATA[]]></en><fr_CA><![CDATA[]]></fr_CA></field64><field65><en><![CDATA[]]></en><fr_CA><![CDATA[]]></fr_CA></field65><field66><en><![CDATA[]]></en><fr_CA><![CDATA[]]></fr_CA></field66><field67><en><![CDATA[]]></en><fr_CA><![CDATA[]]></fr_CA></field67><field68><en><![CDATA[]]></en><fr_CA><![CDATA[]]></fr_CA></field68><field69><en><![CDATA[]]></en><fr_CA><![CDATA[]]></fr_CA></field69><field70><en><![CDATA[]]></en><fr_CA><![CDATA[]]></fr_CA></field70><field71><en><![CDATA[]]></en><fr_CA><![CDATA[]]></fr_CA></field71><field72><en><![CDATA[]]></en><fr_CA><![CDATA[]]></fr_CA></field72><field73><en><![CDATA[]]></en><fr_CA><![CDATA[]]></fr_CA></field73><field74><en><![CDATA[]]></en><fr_CA><![CDATA[]]></fr_CA></field74><field75><en><![CDATA[]]></en><fr_CA><![CDATA[]]></fr_CA></field75><field76><en><![CDATA[]]></en><fr_CA><![CDATA[]]></fr_CA></field76><field77><en><![CDATA[]]></en><fr_CA><![CDATA[]]></fr_CA></field77><field78><en><![CDATA[]]></en><fr_CA><![CDATA[]]></fr_CA></field78><field79><en><![CDATA[]]></en><fr_CA><![CDATA[]]></fr_CA></field79><field80><en><![CDATA[]]></en><fr_CA><![CDATA[]]></fr_CA></field80><field81><en><![CDATA[]]></en><fr_CA><![CDATA[]]></fr_CA></field81><field82><en><![CDATA[]]></en><fr_CA><![CDATA[]]></fr_CA></field82><field83><en><![CDATA[]]></en><fr_CA><![CDATA[]]></fr_CA></field83><field84><en><![CDATA[]]></en><fr_CA><![CDATA[]]></fr_CA></field84><field85><en><![CDATA[]]></en><fr_CA><![CDATA[]]></fr_CA></field85><field86><en><![CDATA[]]></en><fr_CA><![CDATA[]]></fr_CA></field86><field87><en><![CDATA[]]></en><fr_CA><![CDATA[]]></fr_CA></field87><field88><en><![CDATA[]]></en><fr_CA><![CDATA[]]></fr_CA></field88><field89><en><![CDATA[]]></en><fr_CA><![CDATA[]]></fr_CA></field89><field90><en><![CDATA[]]></en><fr_CA><![CDATA[]]></fr_CA></field90><field91><en><![CDATA[]]></en><fr_CA><![CDATA[]]></fr_CA></field91><field92><en><![CDATA[]]></en><fr_CA><![CDATA[]]></fr_CA></field92><field93><en><![CDATA[]]></en><fr_CA><![CDATA[]]></fr_CA></field93><field94><en><![CDATA[]]></en><fr_CA><![CDATA[]]></fr_CA></field94><field95><en><![CDATA[]]></en><fr_CA><![CDATA[]]></fr_CA></field95><field96><en><![CDATA[]]></en><fr_CA><![CDATA[]]></fr_CA></field96><field97><en><![CDATA[]]></en><fr_CA><![CDATA[]]></fr_CA></field97><field98><en><![CDATA[]]></en><fr_CA><![CDATA[]]></fr_CA></field98><field99><en><![CDATA[]]></en><fr_CA><![CDATA[]]></fr_CA></field99><date_modified>1385595790000</date_modified><bm_variable_name><![CDATA[ctl_sa_guidedSellingModel]]></bm_variable_name><guid><![CDATA[sbcenturylink_724715994]]></guid><_children></_children></bm_catalog><bm_catalog><id>724716006</id><company_id>4118171</company_id><segment_id>22</segment_id><level_id>724715728</level_id><parent_id>724715830</parent_id><bm_name><en><![CDATA[Product Model 02]]></en><fr_CA><![CDATA[]]></fr_CA></bm_name><bm_description><en><![CDATA[]]></en><fr_CA><![CDATA[]]></fr_CA></bm_description><field0><en><![CDATA[]]></en><fr_CA><![CDATA[]]></fr_CA></field0><field1><en><![CDATA[]]></en><fr_CA><![CDATA[]]></fr_CA></field1><field2><en><![CDATA[]]></en><fr_CA><![CDATA[]]></fr_CA></field2><field3><en><![CDATA[~~~]]></en><fr_CA><![CDATA[]]></fr_CA></field3><field4><en><![CDATA[]]></en><fr_CA><![CDATA[]]></fr_CA></field4><field5><en><![CDATA[]]></en><fr_CA><![CDATA[]]></fr_CA></field5><field6><en><![CDATA[]]></en><fr_CA><![CDATA[]]></fr_CA></field6><field7><en><![CDATA[]]></en><fr_CA><![CDATA[]]></fr_CA></field7><field8><en><![CDATA[]]></en><fr_CA><![CDATA[]]></fr_CA></field8><field9><en><![CDATA[]]></en><fr_CA><![CDATA[]]></fr_CA></field9><field10><en><![CDATA[]]></en><fr_CA><![CDATA[]]></fr_CA></field10><field11><en><![CDATA[]]></en><fr_CA><![CDATA[]]></fr_CA></field11><field12><en><![CDATA[]]></en><fr_CA><![CDATA[]]></fr_CA></field12><field13><en><![CDATA[]]></en><fr_CA><![CDATA[]]></fr_CA></field13><field14><en><![CDATA[]]></en><fr_CA><![CDATA[]]></fr_CA></field14><field15><en><![CDATA[]]></en><fr_CA><![CDATA[]]></fr_CA></field15><field16><en><![CDATA[]]></en><fr_CA><![CDATA[]]></fr_CA></field16><field17><en><![CDATA[]]></en><fr_CA><![CDATA[]]></fr_CA></field17><field18><en><![CDATA[]]></en><fr_CA><![CDATA[]]></fr_CA></field18><field19><en><![CDATA[]]></en><fr_CA><![CDATA[]]></fr_CA></field19><field20><en><![CDATA[]]></en><fr_CA><![CDATA[]]></fr_CA></field20><field21><en><![CDATA[]]></en><fr_CA><![CDATA[]]></fr_CA></field21><field22><en><![CDATA[]]></en><fr_CA><![CDATA[]]></fr_CA></field22><field23><en><![CDATA[]]></en><fr_CA><![CDATA[]]></fr_CA></field23><field24><en><![CDATA[]]></en><fr_CA><![CDATA[]]></fr_CA></field24><field25><en><![CDATA[]]></en><fr_CA><![CDATA[]]></fr_CA></field25><field26><en><![CDATA[]]></en><fr_CA><![CDATA[]]></fr_CA></field26><field27><en><![CDATA[]]></en><fr_CA><![CDATA[]]></fr_CA></field27><field28><en><![CDATA[]]></en><fr_CA><![CDATA[]]></fr_CA></field28><field29><en><![CDATA[]]></en><fr_CA><![CDATA[]]></fr_CA></field29><field30><en><![CDATA[]]></en><fr_CA><![CDATA[]]></fr_CA></field30><field31><en><![CDATA[]]></en><fr_CA><![CDATA[]]></fr_CA></field31><field32><en><![CDATA[]]></en><fr_CA><![CDATA[]]></fr_CA></field32><field33><en><![CDATA[]]></en><fr_CA><![CDATA[]]></fr_CA></field33><field34><en><![CDATA[]]></en><fr_CA><![CDATA[]]></fr_CA></field34><field35><en><![CDATA[]]></en><fr_CA><![CDATA[]]></fr_CA></field35><field36><en><![CDATA[]]></en><fr_CA><![CDATA[]]></fr_CA></field36><field37><en><![CDATA[]]></en><fr_CA><![CDATA[]]></fr_CA></field37><field38><en><![CDATA[]]></en><fr_CA><![CDATA[]]></fr_CA></field38><field39><en><![CDATA[]]></en><fr_CA><![CDATA[]]></fr_CA></field39><field40><en><![CDATA[]]></en><fr_CA><![CDATA[]]></fr_CA></field40><field41><en><![CDATA[]]></en><fr_CA><![CDATA[]]></fr_CA></field41><field42><en><![CDATA[]]></en><fr_CA><![CDATA[]]></fr_CA></field42><field43><en><![CDATA[]]></en><fr_CA><![CDATA[]]></fr_CA></field43><field44><en><![CDATA[]]></en><fr_CA><![CDATA[]]></fr_CA></field44><field45><en><![CDATA[]]></en><fr_CA><![CDATA[]]></fr_CA></field45><field46><en><![CDATA[]]></en><fr_CA><![CDATA[]]></fr_CA></field46><field47><en><![CDATA[]]></en><fr_CA><![CDATA[]]></fr_CA></field47><field48><en><![CDATA[]]></en><fr_CA><![CDATA[]]></fr_CA></field48><field49><en><![CDATA[]]></en><fr_CA><![CDATA[]]></fr_CA></field49><field50><en><![CDATA[]]></en><fr_CA><![CDATA[]]></fr_CA></field50><field51><en><![CDATA[]]></en><fr_CA><![CDATA[]]></fr_CA></field51><field52><en><![CDATA[]]></en><fr_CA><![CDATA[]]></fr_CA></field52><field53><en><![CDATA[]]></en><fr_CA><![CDATA[]]></fr_CA></field53><field54><en><![CDATA[]]></en><fr_CA><![CDATA[]]></fr_CA></field54><field55><en><![CDATA[]]></en><fr_CA><![CDATA[]]></fr_CA></field55><field56><en><![CDATA[]]></en><fr_CA><![CDATA[]]></fr_CA></field56><field57><en><![CDATA[]]></en><fr_CA><![CDATA[]]></fr_CA></field57><field58><en><![CDATA[]]></en><fr_CA><![CDATA[]]></fr_CA></field58><field59><en><![CDATA[]]></en><fr_CA><![CDATA[]]></fr_CA></field59><field60><en><![CDATA[]]></en><fr_CA><![CDATA[]]></fr_CA></field60><field61><en><![CDATA[]]></en><fr_CA><![CDATA[]]></fr_CA></field61><field62><en><![CDATA[]]></en><fr_CA><![CDATA[]]></fr_CA></field62><field63><en><![CDATA[]]></en><fr_CA><![CDATA[]]></fr_CA></field63><field64><en><![CDATA[]]></en><fr_CA><![CDATA[]]></fr_CA></field64><field65><en><![CDATA[]]></en><fr_CA><![CDATA[]]></fr_CA></field65><field66><en><![CDATA[]]></en><fr_CA><![CDATA[]]></fr_CA></field66><field67><en><![CDATA[]]></en><fr_CA><![CDATA[]]></fr_CA></field67><field68><en><![CDATA[]]></en><fr_CA><![CDATA[]]></fr_CA></field68><field69><en><![CDATA[]]></en><fr_CA><![CDATA[]]></fr_CA></field69><field70><en><![CDATA[]]></en><fr_CA><![CDATA[]]></fr_CA></field70><field71><en><![CDATA[]]></en><fr_CA><![CDATA[]]></fr_CA></field71><field72><en><![CDATA[]]></en><fr_CA><![CDATA[]]></fr_CA></field72><field73><en><![CDATA[]]></en><fr_CA><![CDATA[]]></fr_CA></field73><field74><en><![CDATA[]]></en><fr_CA><![CDATA[]]></fr_CA></field74><field75><en><![CDATA[]]></en><fr_CA><![CDATA[]]></fr_CA></field75><field76><en><![CDATA[]]></en><fr_CA><![CDATA[]]></fr_CA></field76><field77><en><![CDATA[]]></en><fr_CA><![CDATA[]]></fr_CA></field77><field78><en><![CDATA[]]></en><fr_CA><![CDATA[]]></fr_CA></field78><field79><en><![CDATA[]]></en><fr_CA><![CDATA[]]></fr_CA></field79><field80><en><![CDATA[]]></en><fr_CA><![CDATA[]]></fr_CA></field80><field81><en><![CDATA[]]></en><fr_CA><![CDATA[]]></fr_CA></field81><field82><en><![CDATA[]]></en><fr_CA><![CDATA[]]></fr_CA></field82><field83><en><![CDATA[]]></en><fr_CA><![CDATA[]]></fr_CA></field83><field84><en><![CDATA[]]></en><fr_CA><![CDATA[]]></fr_CA></field84><field85><en><![CDATA[]]></en><fr_CA><![CDATA[]]></fr_CA></field85><field86><en><![CDATA[]]></en><fr_CA><![CDATA[]]></fr_CA></field86><field87><en><![CDATA[]]></en><fr_CA><![CDATA[]]></fr_CA></field87><field88><en><![CDATA[]]></en><fr_CA><![CDATA[]]></fr_CA></field88><field89><en><![CDATA[]]></en><fr_CA><![CDATA[]]></fr_CA></field89><field90><en><![CDATA[]]></en><fr_CA><![CDATA[]]></fr_CA></field90><field91><en><![CDATA[]]></en><fr_CA><![CDATA[]]></fr_CA></field91><field92><en><![CDATA[]]></en><fr_CA><![CDATA[]]></fr_CA></field92><field93><en><![CDATA[]]></en><fr_CA><![CDATA[]]></fr_CA></field93><field94><en><![CDATA[]]></en><fr_CA><![CDATA[]]></fr_CA></field94><field95><en><![CDATA[]]></en><fr_CA><![CDATA[]]></fr_CA></field95><field96><en><![CDATA[]]></en><fr_CA><![CDATA[]]></fr_CA></field96><field97><en><![CDATA[]]></en><fr_CA><![CDATA[]]></fr_CA></field97><field98><en><![CDATA[]]></en><fr_CA><![CDATA[]]></fr_CA></field98><field99><en><![CDATA[]]></en><fr_CA><![CDATA[]]></fr_CA></field99><date_modified>1385595511000</date_modified><bm_variable_name><![CDATA[ctl_sa_productModel02]]></bm_variable_name><guid><![CDATA[sbcenturylink_724716006]]></guid><_children></_children></bm_catalog><bm_catalog><id>724716011</id><company_id>4118171</company_id><segment_id>22</segment_id><level_id>724715728</level_id><parent_id>724715830</parent_id><bm_name><en><![CDATA[Product Model 03]]></en><fr_CA><![CDATA[]]></fr_CA></bm_name><bm_description><en><![CDATA[]]></en><fr_CA><![CDATA[]]></fr_CA></bm_description><field0><en><![CDATA[]]></en><fr_CA><![CDATA[]]></fr_CA></field0><field1><en><![CDATA[]]></en><fr_CA><![CDATA[]]></fr_CA></field1><field2><en><![CDATA[]]></en><fr_CA><![CDATA[]]></fr_CA></field2><field3><en><![CDATA[~~~]]></en><fr_CA><![CDATA[]]></fr_CA></field3><field4><en><![CDATA[]]></en><fr_CA><![CDATA[]]></fr_CA></field4><field5><en><![CDATA[]]></en><fr_CA><![CDATA[]]></fr_CA></field5><field6><en><![CDATA[]]></en><fr_CA><![CDATA[]]></fr_CA></field6><field7><en><![CDATA[]]></en><fr_CA><![CDATA[]]></fr_CA></field7><field8><en><![CDATA[]]></en><fr_CA><![CDATA[]]></fr_CA></field8><field9><en><![CDATA[]]></en><fr_CA><![CDATA[]]></fr_CA></field9><field10><en><![CDATA[]]></en><fr_CA><![CDATA[]]></fr_CA></field10><field11><en><![CDATA[]]></en><fr_CA><![CDATA[]]></fr_CA></field11><field12><en><![CDATA[]]></en><fr_CA><![CDATA[]]></fr_CA></field12><field13><en><![CDATA[]]></en><fr_CA><![CDATA[]]></fr_CA></field13><field14><en><![CDATA[]]></en><fr_CA><![CDATA[]]></fr_CA></field14><field15><en><![CDATA[]]></en><fr_CA><![CDATA[]]></fr_CA></field15><field16><en><![CDATA[]]></en><fr_CA><![CDATA[]]></fr_CA></field16><field17><en><![CDATA[]]></en><fr_CA><![CDATA[]]></fr_CA></field17><field18><en><![CDATA[]]></en><fr_CA><![CDATA[]]></fr_CA></field18><field19><en><![CDATA[]]></en><fr_CA><![CDATA[]]></fr_CA></field19><field20><en><![CDATA[]]></en><fr_CA><![CDATA[]]></fr_CA></field20><field21><en><![CDATA[]]></en><fr_CA><![CDATA[]]></fr_CA></field21><field22><en><![CDATA[]]></en><fr_CA><![CDATA[]]></fr_CA></field22><field23><en><![CDATA[]]></en><fr_CA><![CDATA[]]></fr_CA></field23><field24><en><![CDATA[]]></en><fr_CA><![CDATA[]]></fr_CA></field24><field25><en><![CDATA[]]></en><fr_CA><![CDATA[]]></fr_CA></field25><field26><en><![CDATA[]]></en><fr_CA><![CDATA[]]></fr_CA></field26><field27><en><![CDATA[]]></en><fr_CA><![CDATA[]]></fr_CA></field27><field28><en><![CDATA[]]></en><fr_CA><![CDATA[]]></fr_CA></field28><field29><en><![CDATA[]]></en><fr_CA><![CDATA[]]></fr_CA></field29><field30><en><![CDATA[]]></en><fr_CA><![CDATA[]]></fr_CA></field30><field31><en><![CDATA[]]></en><fr_CA><![CDATA[]]></fr_CA></field31><field32><en><![CDATA[]]></en><fr_CA><![CDATA[]]></fr_CA></field32><field33><en><![CDATA[]]></en><fr_CA><![CDATA[]]></fr_CA></field33><field34><en><![CDATA[]]></en><fr_CA><![CDATA[]]></fr_CA></field34><field35><en><![CDATA[]]></en><fr_CA><![CDATA[]]></fr_CA></field35><field36><en><![CDATA[]]></en><fr_CA><![CDATA[]]></fr_CA></field36><field37><en><![CDATA[]]></en><fr_CA><![CDATA[]]></fr_CA></field37><field38><en><![CDATA[]]></en><fr_CA><![CDATA[]]></fr_CA></field38><field39><en><![CDATA[]]></en><fr_CA><![CDATA[]]></fr_CA></field39><field40><en><![CDATA[]]></en><fr_CA><![CDATA[]]></fr_CA></field40><field41><en><![CDATA[]]></en><fr_CA><![CDATA[]]></fr_CA></field41><field42><en><![CDATA[]]></en><fr_CA><![CDATA[]]></fr_CA></field42><field43><en><![CDATA[]]></en><fr_CA><![CDATA[]]></fr_CA></field43><field44><en><![CDATA[]]></en><fr_CA><![CDATA[]]></fr_CA></field44><field45><en><![CDATA[]]></en><fr_CA><![CDATA[]]></fr_CA></field45><field46><en><![CDATA[]]></en><fr_CA><![CDATA[]]></fr_CA></field46><field47><en><![CDATA[]]></en><fr_CA><![CDATA[]]></fr_CA></field47><field48><en><![CDATA[]]></en><fr_CA><![CDATA[]]></fr_CA></field48><field49><en><![CDATA[]]></en><fr_CA><![CDATA[]]></fr_CA></field49><field50><en><![CDATA[]]></en><fr_CA><![CDATA[]]></fr_CA></field50><field51><en><![CDATA[]]></en><fr_CA><![CDATA[]]></fr_CA></field51><field52><en><![CDATA[]]></en><fr_CA><![CDATA[]]></fr_CA></field52><field53><en><![CDATA[]]></en><fr_CA><![CDATA[]]></fr_CA></field53><field54><en><![CDATA[]]></en><fr_CA><![CDATA[]]></fr_CA></field54><field55><en><![CDATA[]]></en><fr_CA><![CDATA[]]></fr_CA></field55><field56><en><![CDATA[]]></en><fr_CA><![CDATA[]]></fr_CA></field56><field57><en><![CDATA[]]></en><fr_CA><![CDATA[]]></fr_CA></field57><field58><en><![CDATA[]]></en><fr_CA><![CDATA[]]></fr_CA></field58><field59><en><![CDATA[]]></en><fr_CA><![CDATA[]]></fr_CA></field59><field60><en><![CDATA[]]></en><fr_CA><![CDATA[]]></fr_CA></field60><field61><en><![CDATA[]]></en><fr_CA><![CDATA[]]></fr_CA></field61><field62><en><![CDATA[]]></en><fr_CA><![CDATA[]]></fr_CA></field62><field63><en><![CDATA[]]></en><fr_CA><![CDATA[]]></fr_CA></field63><field64><en><![CDATA[]]></en><fr_CA><![CDATA[]]></fr_CA></field64><field65><en><![CDATA[]]></en><fr_CA><![CDATA[]]></fr_CA></field65><field66><en><![CDATA[]]></en><fr_CA><![CDATA[]]></fr_CA></field66><field67><en><![CDATA[]]></en><fr_CA><![CDATA[]]></fr_CA></field67><field68><en><![CDATA[]]></en><fr_CA><![CDATA[]]></fr_CA></field68><field69><en><![CDATA[]]></en><fr_CA><![CDATA[]]></fr_CA></field69><field70><en><![CDATA[]]></en><fr_CA><![CDATA[]]></fr_CA></field70><field71><en><![CDATA[]]></en><fr_CA><![CDATA[]]></fr_CA></field71><field72><en><![CDATA[]]></en><fr_CA><![CDATA[]]></fr_CA></field72><field73><en><![CDATA[]]></en><fr_CA><![CDATA[]]></fr_CA></field73><field74><en><![CDATA[]]></en><fr_CA><![CDATA[]]></fr_CA></field74><field75><en><![CDATA[]]></en><fr_CA><![CDATA[]]></fr_CA></field75><field76><en><![CDATA[]]></en><fr_CA><![CDATA[]]></fr_CA></field76><field77><en><![CDATA[]]></en><fr_CA><![CDATA[]]></fr_CA></field77><field78><en><![CDATA[]]></en><fr_CA><![CDATA[]]></fr_CA></field78><field79><en><![CDATA[]]></en><fr_CA><![CDATA[]]></fr_CA></field79><field80><en><![CDATA[]]></en><fr_CA><![CDATA[]]></fr_CA></field80><field81><en><![CDATA[]]></en><fr_CA><![CDATA[]]></fr_CA></field81><field82><en><![CDATA[]]></en><fr_CA><![CDATA[]]></fr_CA></field82><field83><en><![CDATA[]]></en><fr_CA><![CDATA[]]></fr_CA></field83><field84><en><![CDATA[]]></en><fr_CA><![CDATA[]]></fr_CA></field84><field85><en><![CDATA[]]></en><fr_CA><![CDATA[]]></fr_CA></field85><field86><en><![CDATA[]]></en><fr_CA><![CDATA[]]></fr_CA></field86><field87><en><![CDATA[]]></en><fr_CA><![CDATA[]]></fr_CA></field87><field88><en><![CDATA[]]></en><fr_CA><![CDATA[]]></fr_CA></field88><field89><en><![CDATA[]]></en><fr_CA><![CDATA[]]></fr_CA></field89><field90><en><![CDATA[]]></en><fr_CA><![CDATA[]]></fr_CA></field90><field91><en><![CDATA[]]></en><fr_CA><![CDATA[]]></fr_CA></field91><field92><en><![CDATA[]]></en><fr_CA><![CDATA[]]></fr_CA></field92><field93><en><![CDATA[]]></en><fr_CA><![CDATA[]]></fr_CA></field93><field94><en><![CDATA[]]></en><fr_CA><![CDATA[]]></fr_CA></field94><field95><en><![CDATA[]]></en><fr_CA><![CDATA[]]></fr_CA></field95><field96><en><![CDATA[]]></en><fr_CA><![CDATA[]]></fr_CA></field96><field97><en><![CDATA[]]></en><fr_CA><![CDATA[]]></fr_CA></field97><field98><en><![CDATA[]]></en><fr_CA><![CDATA[]]></fr_CA></field98><field99><en><![CDATA[]]></en><fr_CA><![CDATA[]]></fr_CA></field99><date_modified>1385595511000</date_modified><bm_variable_name><![CDATA[ctl_sa_productModel03]]></bm_variable_name><guid><![CDATA[sbcenturylink_724716011]]></guid><_children></_children></bm_catalog><bm_catalog><id>724716001</id><company_id>4118171</company_id><segment_id>22</segment_id><level_id>724715728</level_id><parent_id>724715830</parent_id><bm_name><en><![CDATA[Product Model 01]]></en><fr_CA><![CDATA[]]></fr_CA></bm_name><bm_description><en><![CDATA[]]></en><fr_CA><![CDATA[]]></fr_CA></bm_description><field0><en><![CDATA[]]></en><fr_CA><![CDATA[]]></fr_CA></field0><field1><en><![CDATA[]]></en><fr_CA><![CDATA[]]></fr_CA></field1><field2><en><![CDATA[]]></en><fr_CA><![CDATA[]]></fr_CA></field2><field3><en><![CDATA[~~~]]></en><fr_CA><![CDATA[]]></fr_CA></field3><field4><en><![CDATA[]]></en><fr_CA><![CDATA[]]></fr_CA></field4><field5><en><![CDATA[]]></en><fr_CA><![CDATA[]]></fr_CA></field5><field6><en><![CDATA[]]></en><fr_CA><![CDATA[]]></fr_CA></field6><field7><en><![CDATA[]]></en><fr_CA><![CDATA[]]></fr_CA></field7><field8><en><![CDATA[]]></en><fr_CA><![CDATA[]]></fr_CA></field8><field9><en><![CDATA[]]></en><fr_CA><![CDATA[]]></fr_CA></field9><field10><en><![CDATA[]]></en><fr_CA><![CDATA[]]></fr_CA></field10><field11><en><![CDATA[]]></en><fr_CA><![CDATA[]]></fr_CA></field11><field12><en><![CDATA[]]></en><fr_CA><![CDATA[]]></fr_CA></field12><field13><en><![CDATA[]]></en><fr_CA><![CDATA[]]></fr_CA></field13><field14><en><![CDATA[]]></en><fr_CA><![CDATA[]]></fr_CA></field14><field15><en><![CDATA[]]></en><fr_CA><![CDATA[]]></fr_CA></field15><field16><en><![CDATA[]]></en><fr_CA><![CDATA[]]></fr_CA></field16><field17><en><![CDATA[]]></en><fr_CA><![CDATA[]]></fr_CA></field17><field18><en><![CDATA[]]></en><fr_CA><![CDATA[]]></fr_CA></field18><field19><en><![CDATA[]]></en><fr_CA><![CDATA[]]></fr_CA></field19><field20><en><![CDATA[]]></en><fr_CA><![CDATA[]]></fr_CA></field20><field21><en><![CDATA[]]></en><fr_CA><![CDATA[]]></fr_CA></field21><field22><en><![CDATA[]]></en><fr_CA><![CDATA[]]></fr_CA></field22><field23><en><![CDATA[]]></en><fr_CA><![CDATA[]]></fr_CA></field23><field24><en><![CDATA[]]></en><fr_CA><![CDATA[]]></fr_CA></field24><field25><en><![CDATA[]]></en><fr_CA><![CDATA[]]></fr_CA></field25><field26><en><![CDATA[]]></en><fr_CA><![CDATA[]]></fr_CA></field26><field27><en><![CDATA[]]></en><fr_CA><![CDATA[]]></fr_CA></field27><field28><en><![CDATA[]]></en><fr_CA><![CDATA[]]></fr_CA></field28><field29><en><![CDATA[]]></en><fr_CA><![CDATA[]]></fr_CA></field29><field30><en><![CDATA[]]></en><fr_CA><![CDATA[]]></fr_CA></field30><field31><en><![CDATA[]]></en><fr_CA><![CDATA[]]></fr_CA></field31><field32><en><![CDATA[]]></en><fr_CA><![CDATA[]]></fr_CA></field32><field33><en><![CDATA[]]></en><fr_CA><![CDATA[]]></fr_CA></field33><field34><en><![CDATA[]]></en><fr_CA><![CDATA[]]></fr_CA></field34><field35><en><![CDATA[]]></en><fr_CA><![CDATA[]]></fr_CA></field35><field36><en><![CDATA[]]></en><fr_CA><![CDATA[]]></fr_CA></field36><field37><en><![CDATA[]]></en><fr_CA><![CDATA[]]></fr_CA></field37><field38><en><![CDATA[]]></en><fr_CA><![CDATA[]]></fr_CA></field38><field39><en><![CDATA[]]></en><fr_CA><![CDATA[]]></fr_CA></field39><field40><en><![CDATA[]]></en><fr_CA><![CDATA[]]></fr_CA></field40><field41><en><![CDATA[]]></en><fr_CA><![CDATA[]]></fr_CA></field41><field42><en><![CDATA[]]></en><fr_CA><![CDATA[]]></fr_CA></field42><field43><en><![CDATA[]]></en><fr_CA><![CDATA[]]></fr_CA></field43><field44><en><![CDATA[]]></en><fr_CA><![CDATA[]]></fr_CA></field44><field45><en><![CDATA[]]></en><fr_CA><![CDATA[]]></fr_CA></field45><field46><en><![CDATA[]]></en><fr_CA><![CDATA[]]></fr_CA></field46><field47><en><![CDATA[]]></en><fr_CA><![CDATA[]]></fr_CA></field47><field48><en><![CDATA[]]></en><fr_CA><![CDATA[]]></fr_CA></field48><field49><en><![CDATA[]]></en><fr_CA><![CDATA[]]></fr_CA></field49><field50><en><![CDATA[]]></en><fr_CA><![CDATA[]]></fr_CA></field50><field51><en><![CDATA[]]></en><fr_CA><![CDATA[]]></fr_CA></field51><field52><en><![CDATA[]]></en><fr_CA><![CDATA[]]></fr_CA></field52><field53><en><![CDATA[]]></en><fr_CA><![CDATA[]]></fr_CA></field53><field54><en><![CDATA[]]></en><fr_CA><![CDATA[]]></fr_CA></field54><field55><en><![CDATA[]]></en><fr_CA><![CDATA[]]></fr_CA></field55><field56><en><![CDATA[]]></en><fr_CA><![CDATA[]]></fr_CA></field56><field57><en><![CDATA[]]></en><fr_CA><![CDATA[]]></fr_CA></field57><field58><en><![CDATA[]]></en><fr_CA><![CDATA[]]></fr_CA></field58><field59><en><![CDATA[]]></en><fr_CA><![CDATA[]]></fr_CA></field59><field60><en><![CDATA[]]></en><fr_CA><![CDATA[]]></fr_CA></field60><field61><en><![CDATA[]]></en><fr_CA><![CDATA[]]></fr_CA></field61><field62><en><![CDATA[]]></en><fr_CA><![CDATA[]]></fr_CA></field62><field63><en><![CDATA[]]></en><fr_CA><![CDATA[]]></fr_CA></field63><field64><en><![CDATA[]]></en><fr_CA><![CDATA[]]></fr_CA></field64><field65><en><![CDATA[]]></en><fr_CA><![CDATA[]]></fr_CA></field65><field66><en><![CDATA[]]></en><fr_CA><![CDATA[]]></fr_CA></field66><field67><en><![CDATA[]]></en><fr_CA><![CDATA[]]></fr_CA></field67><field68><en><![CDATA[]]></en><fr_CA><![CDATA[]]></fr_CA></field68><field69><en><![CDATA[]]></en><fr_CA><![CDATA[]]></fr_CA></field69><field70><en><![CDATA[]]></en><fr_CA><![CDATA[]]></fr_CA></field70><field71><en><![CDATA[]]></en><fr_CA><![CDATA[]]></fr_CA></field71><field72><en><![CDATA[]]></en><fr_CA><![CDATA[]]></fr_CA></field72><field73><en><![CDATA[]]></en><fr_CA><![CDATA[]]></fr_CA></field73><field74><en><![CDATA[]]></en><fr_CA><![CDATA[]]></fr_CA></field74><field75><en><![CDATA[]]></en><fr_CA><![CDATA[]]></fr_CA></field75><field76><en><![CDATA[]]></en><fr_CA><![CDATA[]]></fr_CA></field76><field77><en><![CDATA[]]></en><fr_CA><![CDATA[]]></fr_CA></field77><field78><en><![CDATA[]]></en><fr_CA><![CDATA[]]></fr_CA></field78><field79><en><![CDATA[]]></en><fr_CA><![CDATA[]]></fr_CA></field79><field80><en><![CDATA[]]></en><fr_CA><![CDATA[]]></fr_CA></field80><field81><en><![CDATA[]]></en><fr_CA><![CDATA[]]></fr_CA></field81><field82><en><![CDATA[]]></en><fr_CA><![CDATA[]]></fr_CA></field82><field83><en><![CDATA[]]></en><fr_CA><![CDATA[]]></fr_CA></field83><field84><en><![CDATA[]]></en><fr_CA><![CDATA[]]></fr_CA></field84><field85><en><![CDATA[]]></en><fr_CA><![CDATA[]]></fr_CA></field85><field86><en><![CDATA[]]></en><fr_CA><![CDATA[]]></fr_CA></field86><field87><en><![CDATA[]]></en><fr_CA><![CDATA[]]></fr_CA></field87><field88><en><![CDATA[]]></en><fr_CA><![CDATA[]]></fr_CA></field88><field89><en><![CDATA[]]></en><fr_CA><![CDATA[]]></fr_CA></field89><field90><en><![CDATA[]]></en><fr_CA><![CDATA[]]></fr_CA></field90><field91><en><![CDATA[]]></en><fr_CA><![CDATA[]]></fr_CA></field91><field92><en><![CDATA[]]></en><fr_CA><![CDATA[]]></fr_CA></field92><field93><en><![CDATA[]]></en><fr_CA><![CDATA[]]></fr_CA></field93><field94><en><![CDATA[]]></en><fr_CA><![CDATA[]]></fr_CA></field94><field95><en><![CDATA[]]></en><fr_CA><![CDATA[]]></fr_CA></field95><field96><en><![CDATA[]]></en><fr_CA><![CDATA[]]></fr_CA></field96><field97><en><![CDATA[]]></en><fr_CA><![CDATA[]]></fr_CA></field97><field98><en><![CDATA[]]></en><fr_CA><![CDATA[]]></fr_CA></field98><field99><en><![CDATA[]]></en><fr_CA><![CDATA[]]></fr_CA></field99><date_modified>1385595511000</date_modified><bm_variable_name><![CDATA[ctl_sa_productModel01]]></bm_variable_name><guid><![CDATA[sbcenturylink_724716001]]></guid><_children></_children></bm_catalog><bm_catalog><id>724716016</id><company_id>4118171</company_id><segment_id>22</segment_id><level_id>724715728</level_id><parent_id>724715830</parent_id><bm_name><en><![CDATA[Product Model 04]]></en><fr_CA><![CDATA[]]></fr_CA></bm_name><bm_description><en><![CDATA[]]></en><fr_CA><![CDATA[]]></fr_CA></bm_description><field0><en><![CDATA[]]></en><fr_CA><![CDATA[]]></fr_CA></field0><field1><en><![CDATA[]]></en><fr_CA><![CDATA[]]></fr_CA></field1><field2><en><![CDATA[]]></en><fr_CA><![CDATA[]]></fr_CA></field2><field3><en><![CDATA[~~~]]></en><fr_CA><![CDATA[]]></fr_CA></field3><field4><en><![CDATA[]]></en><fr_CA><![CDATA[]]></fr_CA></field4><field5><en><![CDATA[]]></en><fr_CA><![CDATA[]]></fr_CA></field5><field6><en><![CDATA[]]></en><fr_CA><![CDATA[]]></fr_CA></field6><field7><en><![CDATA[]]></en><fr_CA><![CDATA[]]></fr_CA></field7><field8><en><![CDATA[]]></en><fr_CA><![CDATA[]]></fr_CA></field8><field9><en><![CDATA[]]></en><fr_CA><![CDATA[]]></fr_CA></field9><field10><en><![CDATA[]]></en><fr_CA><![CDATA[]]></fr_CA></field10><field11><en><![CDATA[]]></en><fr_CA><![CDATA[]]></fr_CA></field11><field12><en><![CDATA[]]></en><fr_CA><![CDATA[]]></fr_CA></field12><field13><en><![CDATA[]]></en><fr_CA><![CDATA[]]></fr_CA></field13><field14><en><![CDATA[]]></en><fr_CA><![CDATA[]]></fr_CA></field14><field15><en><![CDATA[]]></en><fr_CA><![CDATA[]]></fr_CA></field15><field16><en><![CDATA[]]></en><fr_CA><![CDATA[]]></fr_CA></field16><field17><en><![CDATA[]]></en><fr_CA><![CDATA[]]></fr_CA></field17><field18><en><![CDATA[]]></en><fr_CA><![CDATA[]]></fr_CA></field18><field19><en><![CDATA[]]></en><fr_CA><![CDATA[]]></fr_CA></field19><field20><en><![CDATA[]]></en><fr_CA><![CDATA[]]></fr_CA></field20><field21><en><![CDATA[]]></en><fr_CA><![CDATA[]]></fr_CA></field21><field22><en><![CDATA[]]></en><fr_CA><![CDATA[]]></fr_CA></field22><field23><en><![CDATA[]]></en><fr_CA><![CDATA[]]></fr_CA></field23><field24><en><![CDATA[]]></en><fr_CA><![CDATA[]]></fr_CA></field24><field25><en><![CDATA[]]></en><fr_CA><![CDATA[]]></fr_CA></field25><field26><en><![CDATA[]]></en><fr_CA><![CDATA[]]></fr_CA></field26><field27><en><![CDATA[]]></en><fr_CA><![CDATA[]]></fr_CA></field27><field28><en><![CDATA[]]></en><fr_CA><![CDATA[]]></fr_CA></field28><field29><en><![CDATA[]]></en><fr_CA><![CDATA[]]></fr_CA></field29><field30><en><![CDATA[]]></en><fr_CA><![CDATA[]]></fr_CA></field30><field31><en><![CDATA[]]></en><fr_CA><![CDATA[]]></fr_CA></field31><field32><en><![CDATA[]]></en><fr_CA><![CDATA[]]></fr_CA></field32><field33><en><![CDATA[]]></en><fr_CA><![CDATA[]]></fr_CA></field33><field34><en><![CDATA[]]></en><fr_CA><![CDATA[]]></fr_CA></field34><field35><en><![CDATA[]]></en><fr_CA><![CDATA[]]></fr_CA></field35><field36><en><![CDATA[]]></en><fr_CA><![CDATA[]]></fr_CA></field36><field37><en><![CDATA[]]></en><fr_CA><![CDATA[]]></fr_CA></field37><field38><en><![CDATA[]]></en><fr_CA><![CDATA[]]></fr_CA></field38><field39><en><![CDATA[]]></en><fr_CA><![CDATA[]]></fr_CA></field39><field40><en><![CDATA[]]></en><fr_CA><![CDATA[]]></fr_CA></field40><field41><en><![CDATA[]]></en><fr_CA><![CDATA[]]></fr_CA></field41><field42><en><![CDATA[]]></en><fr_CA><![CDATA[]]></fr_CA></field42><field43><en><![CDATA[]]></en><fr_CA><![CDATA[]]></fr_CA></field43><field44><en><![CDATA[]]></en><fr_CA><![CDATA[]]></fr_CA></field44><field45><en><![CDATA[]]></en><fr_CA><![CDATA[]]></fr_CA></field45><field46><en><![CDATA[]]></en><fr_CA><![CDATA[]]></fr_CA></field46><field47><en><![CDATA[]]></en><fr_CA><![CDATA[]]></fr_CA></field47><field48><en><![CDATA[]]></en><fr_CA><![CDATA[]]></fr_CA></field48><field49><en><![CDATA[]]></en><fr_CA><![CDATA[]]></fr_CA></field49><field50><en><![CDATA[]]></en><fr_CA><![CDATA[]]></fr_CA></field50><field51><en><![CDATA[]]></en><fr_CA><![CDATA[]]></fr_CA></field51><field52><en><![CDATA[]]></en><fr_CA><![CDATA[]]></fr_CA></field52><field53><en><![CDATA[]]></en><fr_CA><![CDATA[]]></fr_CA></field53><field54><en><![CDATA[]]></en><fr_CA><![CDATA[]]></fr_CA></field54><field55><en><![CDATA[]]></en><fr_CA><![CDATA[]]></fr_CA></field55><field56><en><![CDATA[]]></en><fr_CA><![CDATA[]]></fr_CA></field56><field57><en><![CDATA[]]></en><fr_CA><![CDATA[]]></fr_CA></field57><field58><en><![CDATA[]]></en><fr_CA><![CDATA[]]></fr_CA></field58><field59><en><![CDATA[]]></en><fr_CA><![CDATA[]]></fr_CA></field59><field60><en><![CDATA[]]></en><fr_CA><![CDATA[]]></fr_CA></field60><field61><en><![CDATA[]]></en><fr_CA><![CDATA[]]></fr_CA></field61><field62><en><![CDATA[]]></en><fr_CA><![CDATA[]]></fr_CA></field62><field63><en><![CDATA[]]></en><fr_CA><![CDATA[]]></fr_CA></field63><field64><en><![CDATA[]]></en><fr_CA><![CDATA[]]></fr_CA></field64><field65><en><![CDATA[]]></en><fr_CA><![CDATA[]]></fr_CA></field65><field66><en><![CDATA[]]></en><fr_CA><![CDATA[]]></fr_CA></field66><field67><en><![CDATA[]]></en><fr_CA><![CDATA[]]></fr_CA></field67><field68><en><![CDATA[]]></en><fr_CA><![CDATA[]]></fr_CA></field68><field69><en><![CDATA[]]></en><fr_CA><![CDATA[]]></fr_CA></field69><field70><en><![CDATA[]]></en><fr_CA><![CDATA[]]></fr_CA></field70><field71><en><![CDATA[]]></en><fr_CA><![CDATA[]]></fr_CA></field71><field72><en><![CDATA[]]></en><fr_CA><![CDATA[]]></fr_CA></field72><field73><en><![CDATA[]]></en><fr_CA><![CDATA[]]></fr_CA></field73><field74><en><![CDATA[]]></en><fr_CA><![CDATA[]]></fr_CA></field74><field75><en><![CDATA[]]></en><fr_CA><![CDATA[]]></fr_CA></field75><field76><en><![CDATA[]]></en><fr_CA><![CDATA[]]></fr_CA></field76><field77><en><![CDATA[]]></en><fr_CA><![CDATA[]]></fr_CA></field77><field78><en><![CDATA[]]></en><fr_CA><![CDATA[]]></fr_CA></field78><field79><en><![CDATA[]]></en><fr_CA><![CDATA[]]></fr_CA></field79><field80><en><![CDATA[]]></en><fr_CA><![CDATA[]]></fr_CA></field80><field81><en><![CDATA[]]></en><fr_CA><![CDATA[]]></fr_CA></field81><field82><en><![CDATA[]]></en><fr_CA><![CDATA[]]></fr_CA></field82><field83><en><![CDATA[]]></en><fr_CA><![CDATA[]]></fr_CA></field83><field84><en><![CDATA[]]></en><fr_CA><![CDATA[]]></fr_CA></field84><field85><en><![CDATA[]]></en><fr_CA><![CDATA[]]></fr_CA></field85><field86><en><![CDATA[]]></en><fr_CA><![CDATA[]]></fr_CA></field86><field87><en><![CDATA[]]></en><fr_CA><![CDATA[]]></fr_CA></field87><field88><en><![CDATA[]]></en><fr_CA><![CDATA[]]></fr_CA></field88><field89><en><![CDATA[]]></en><fr_CA><![CDATA[]]></fr_CA></field89><field90><en><![CDATA[]]></en><fr_CA><![CDATA[]]></fr_CA></field90><field91><en><![CDATA[]]></en><fr_CA><![CDATA[]]></fr_CA></field91><field92><en><![CDATA[]]></en><fr_CA><![CDATA[]]></fr_CA></field92><field93><en><![CDATA[]]></en><fr_CA><![CDATA[]]></fr_CA></field93><field94><en><![CDATA[]]></en><fr_CA><![CDATA[]]></fr_CA></field94><field95><en><![CDATA[]]></en><fr_CA><![CDATA[]]></fr_CA></field95><field96><en><![CDATA[]]></en><fr_CA><![CDATA[]]></fr_CA></field96><field97><en><![CDATA[]]></en><fr_CA><![CDATA[]]></fr_CA></field97><field98><en><![CDATA[]]></en><fr_CA><![CDATA[]]></fr_CA></field98><field99><en><![CDATA[]]></en><fr_CA><![CDATA[]]></fr_CA></field99><date_modified>1385595511000</date_modified><bm_variable_name><![CDATA[ctl_sa_productModel04]]></bm_variable_name><guid><![CDATA[sbcenturylink_724716016]]></guid><_children></_children></bm_catalog></_children></bm_catalog><bm_catalog><id>729538826</id><company_id>4118171</company_id><segment_id>22</segment_id><level_id>724715705</level_id><parent_id>-1</parent_id><bm_name><en><![CDATA[General Use Line]]></en><fr_CA><![CDATA[]]></fr_CA></bm_name><bm_description><en><![CDATA[]]></en><fr_CA><![CDATA[]]></fr_CA></bm_description><field0><en><![CDATA[]]></en><fr_CA><![CDATA[]]></fr_CA></field0><field1><en><![CDATA[]]></en><fr_CA><![CDATA[]]></fr_CA></field1><field2><en><![CDATA[]]></en><fr_CA><![CDATA[]]></fr_CA></field2><field3><en><![CDATA[]]></en><fr_CA><![CDATA[]]></fr_CA></field3><field4><en><![CDATA[]]></en><fr_CA><![CDATA[]]></fr_CA></field4><field5><en><![CDATA[]]></en><fr_CA><![CDATA[]]></fr_CA></field5><field6><en><![CDATA[]]></en><fr_CA><![CDATA[]]></fr_CA></field6><field7><en><![CDATA[]]></en><fr_CA><![CDATA[]]></fr_CA></field7><field8><en><![CDATA[]]></en><fr_CA><![CDATA[]]></fr_CA></field8><field9><en><![CDATA[]]></en><fr_CA><![CDATA[]]></fr_CA></field9><field10><en><![CDATA[]]></en><fr_CA><![CDATA[]]></fr_CA></field10><field11><en><![CDATA[]]></en><fr_CA><![CDATA[]]></fr_CA></field11><field12><en><![CDATA[]]></en><fr_CA><![CDATA[]]></fr_CA></field12><field13><en><![CDATA[]]></en><fr_CA><![CDATA[]]></fr_CA></field13><field14><en><![CDATA[]]></en><fr_CA><![CDATA[]]></fr_CA></field14><field15><en><![CDATA[]]></en><fr_CA><![CDATA[]]></fr_CA></field15><field16><en><![CDATA[]]></en><fr_CA><![CDATA[]]></fr_CA></field16><field17><en><![CDATA[]]></en><fr_CA><![CDATA[]]></fr_CA></field17><field18><en><![CDATA[]]></en><fr_CA><![CDATA[]]></fr_CA></field18><field19><en><![CDATA[]]></en><fr_CA><![CDATA[]]></fr_CA></field19><field20><en><![CDATA[]]></en><fr_CA><![CDATA[]]></fr_CA></field20><field21><en><![CDATA[]]></en><fr_CA><![CDATA[]]></fr_CA></field21><field22><en><![CDATA[]]></en><fr_CA><![CDATA[]]></fr_CA></field22><field23><en><![CDATA[]]></en><fr_CA><![CDATA[]]></fr_CA></field23><field24><en><![CDATA[]]></en><fr_CA><![CDATA[]]></fr_CA></field24><field25><en><![CDATA[]]></en><fr_CA><![CDATA[]]></fr_CA></field25><field26><en><![CDATA[]]></en><fr_CA><![CDATA[]]></fr_CA></field26><field27><en><![CDATA[]]></en><fr_CA><![CDATA[]]></fr_CA></field27><field28><en><![CDATA[]]></en><fr_CA><![CDATA[]]></fr_CA></field28><field29><en><![CDATA[]]></en><fr_CA><![CDATA[]]></fr_CA></field29><field30><en><![CDATA[]]></en><fr_CA><![CDATA[]]></fr_CA></field30><field31><en><![CDATA[]]></en><fr_CA><![CDATA[]]></fr_CA></field31><field32><en><![CDATA[]]></en><fr_CA><![CDATA[]]></fr_CA></field32><field33><en><![CDATA[]]></en><fr_CA><![CDATA[]]></fr_CA></field33><field34><en><![CDATA[]]></en><fr_CA><![CDATA[]]></fr_CA></field34><field35><en><![CDATA[]]></en><fr_CA><![CDATA[]]></fr_CA></field35><field36><en><![CDATA[]]></en><fr_CA><![CDATA[]]></fr_CA></field36><field37><en><![CDATA[]]></en><fr_CA><![CDATA[]]></fr_CA></field37><field38><en><![CDATA[]]></en><fr_CA><![CDATA[]]></fr_CA></field38><field39><en><![CDATA[]]></en><fr_CA><![CDATA[]]></fr_CA></field39><field40><en><![CDATA[]]></en><fr_CA><![CDATA[]]></fr_CA></field40><field41><en><![CDATA[]]></en><fr_CA><![CDATA[]]></fr_CA></field41><field42><en><![CDATA[]]></en><fr_CA><![CDATA[]]></fr_CA></field42><field43><en><![CDATA[]]></en><fr_CA><![CDATA[]]></fr_CA></field43><field44><en><![CDATA[]]></en><fr_CA><![CDATA[]]></fr_CA></field44><field45><en><![CDATA[]]></en><fr_CA><![CDATA[]]></fr_CA></field45><field46><en><![CDATA[]]></en><fr_CA><![CDATA[]]></fr_CA></field46><field47><en><![CDATA[]]></en><fr_CA><![CDATA[]]></fr_CA></field47><field48><en><![CDATA[]]></en><fr_CA><![CDATA[]]></fr_CA></field48><field49><en><![CDATA[]]></en><fr_CA><![CDATA[]]></fr_CA></field49><field50><en><![CDATA[]]></en><fr_CA><![CDATA[]]></fr_CA></field50><field51><en><![CDATA[]]></en><fr_CA><![CDATA[]]></fr_CA></field51><field52><en><![CDATA[]]></en><fr_CA><![CDATA[]]></fr_CA></field52><field53><en><![CDATA[]]></en><fr_CA><![CDATA[]]></fr_CA></field53><field54><en><![CDATA[]]></en><fr_CA><![CDATA[]]></fr_CA></field54><field55><en><![CDATA[]]></en><fr_CA><![CDATA[]]></fr_CA></field55><field56><en><![CDATA[]]></en><fr_CA><![CDATA[]]></fr_CA></field56><field57><en><![CDATA[]]></en><fr_CA><![CDATA[]]></fr_CA></field57><field58><en><![CDATA[]]></en><fr_CA><![CDATA[]]></fr_CA></field58><field59><en><![CDATA[]]></en><fr_CA><![CDATA[]]></fr_CA></field59><field60><en><![CDATA[]]></en><fr_CA><![CDATA[]]></fr_CA></field60><field61><en><![CDATA[]]></en><fr_CA><![CDATA[]]></fr_CA></field61><field62><en><![CDATA[]]></en><fr_CA><![CDATA[]]></fr_CA></field62><field63><en><![CDATA[]]></en><fr_CA><![CDATA[]]></fr_CA></field63><field64><en><![CDATA[]]></en><fr_CA><![CDATA[]]></fr_CA></field64><field65><en><![CDATA[]]></en><fr_CA><![CDATA[]]></fr_CA></field65><field66><en><![CDATA[]]></en><fr_CA><![CDATA[]]></fr_CA></field66><field67><en><![CDATA[]]></en><fr_CA><![CDATA[]]></fr_CA></field67><field68><en><![CDATA[]]></en><fr_CA><![CDATA[]]></fr_CA></field68><field69><en><![CDATA[]]></en><fr_CA><![CDATA[]]></fr_CA></field69><field70><en><![CDATA[]]></en><fr_CA><![CDATA[]]></fr_CA></field70><field71><en><![CDATA[]]></en><fr_CA><![CDATA[]]></fr_CA></field71><field72><en><![CDATA[]]></en><fr_CA><![CDATA[]]></fr_CA></field72><field73><en><![CDATA[]]></en><fr_CA><![CDATA[]]></fr_CA></field73><field74><en><![CDATA[]]></en><fr_CA><![CDATA[]]></fr_CA></field74><field75><en><![CDATA[]]></en><fr_CA><![CDATA[]]></fr_CA></field75><field76><en><![CDATA[]]></en><fr_CA><![CDATA[]]></fr_CA></field76><field77><en><![CDATA[]]></en><fr_CA><![CDATA[]]></fr_CA></field77><field78><en><![CDATA[]]></en><fr_CA><![CDATA[]]></fr_CA></field78><field79><en><![CDATA[]]></en><fr_CA><![CDATA[]]></fr_CA></field79><field80><en><![CDATA[]]></en><fr_CA><![CDATA[]]></fr_CA></field80><field81><en><![CDATA[]]></en><fr_CA><![CDATA[]]></fr_CA></field81><field82><en><![CDATA[]]></en><fr_CA><![CDATA[]]></fr_CA></field82><field83><en><![CDATA[]]></en><fr_CA><![CDATA[]]></fr_CA></field83><field84><en><![CDATA[]]></en><fr_CA><![CDATA[]]></fr_CA></field84><field85><en><![CDATA[]]></en><fr_CA><![CDATA[]]></fr_CA></field85><field86><en><![CDATA[]]></en><fr_CA><![CDATA[]]></fr_CA></field86><field87><en><![CDATA[]]></en><fr_CA><![CDATA[]]></fr_CA></field87><field88><en><![CDATA[]]></en><fr_CA><![CDATA[]]></fr_CA></field88><field89><en><![CDATA[]]></en><fr_CA><![CDATA[]]></fr_CA></field89><field90><en><![CDATA[]]></en><fr_CA><![CDATA[]]></fr_CA></field90><field91><en><![CDATA[]]></en><fr_CA><![CDATA[]]></fr_CA></field91><field92><en><![CDATA[]]></en><fr_CA><![CDATA[]]></fr_CA></field92><field93><en><![CDATA[]]></en><fr_CA><![CDATA[]]></fr_CA></field93><field94><en><![CDATA[]]></en><fr_CA><![CDATA[]]></fr_CA></field94><field95><en><![CDATA[]]></en><fr_CA><![CDATA[]]></fr_CA></field95><field96><en><![CDATA[]]></en><fr_CA><![CDATA[]]></fr_CA></field96><field97><en><![CDATA[]]></en><fr_CA><![CDATA[]]></fr_CA></field97><field98><en><![CDATA[]]></en><fr_CA><![CDATA[]]></fr_CA></field98><field99><en><![CDATA[]]></en><fr_CA><![CDATA[]]></fr_CA></field99><date_modified>1390252831000</date_modified><bm_variable_name><![CDATA[lineGeneralUse]]></bm_variable_name><guid><![CDATA[191310b1-eec7-466a-89be-c34afc05d7a8]]></guid><_children></_children></bm_catalog><bm_catalog><id>729538831</id><company_id>4118171</company_id><segment_id>22</segment_id><level_id>724715705</level_id><parent_id>-1</parent_id><bm_name><en><![CDATA[Specific Use Line]]></en><fr_CA><![CDATA[]]></fr_CA></bm_name><bm_description><en><![CDATA[]]></en><fr_CA><![CDATA[]]></fr_CA></bm_description><field0><en><![CDATA[]]></en><fr_CA><![CDATA[]]></fr_CA></field0><field1><en><![CDATA[]]></en><fr_CA><![CDATA[]]></fr_CA></field1><field2><en><![CDATA[]]></en><fr_CA><![CDATA[]]></fr_CA></field2><field3><en><![CDATA[]]></en><fr_CA><![CDATA[]]></fr_CA></field3><field4><en><![CDATA[]]></en><fr_CA><![CDATA[]]></fr_CA></field4><field5><en><![CDATA[]]></en><fr_CA><![CDATA[]]></fr_CA></field5><field6><en><![CDATA[]]></en><fr_CA><![CDATA[]]></fr_CA></field6><field7><en><![CDATA[]]></en><fr_CA><![CDATA[]]></fr_CA></field7><field8><en><![CDATA[]]></en><fr_CA><![CDATA[]]></fr_CA></field8><field9><en><![CDATA[]]></en><fr_CA><![CDATA[]]></fr_CA></field9><field10><en><![CDATA[]]></en><fr_CA><![CDATA[]]></fr_CA></field10><field11><en><![CDATA[]]></en><fr_CA><![CDATA[]]></fr_CA></field11><field12><en><![CDATA[]]></en><fr_CA><![CDATA[]]></fr_CA></field12><field13><en><![CDATA[]]></en><fr_CA><![CDATA[]]></fr_CA></field13><field14><en><![CDATA[]]></en><fr_CA><![CDATA[]]></fr_CA></field14><field15><en><![CDATA[]]></en><fr_CA><![CDATA[]]></fr_CA></field15><field16><en><![CDATA[]]></en><fr_CA><![CDATA[]]></fr_CA></field16><field17><en><![CDATA[]]></en><fr_CA><![CDATA[]]></fr_CA></field17><field18><en><![CDATA[]]></en><fr_CA><![CDATA[]]></fr_CA></field18><field19><en><![CDATA[]]></en><fr_CA><![CDATA[]]></fr_CA></field19><field20><en><![CDATA[]]></en><fr_CA><![CDATA[]]></fr_CA></field20><field21><en><![CDATA[]]></en><fr_CA><![CDATA[]]></fr_CA></field21><field22><en><![CDATA[]]></en><fr_CA><![CDATA[]]></fr_CA></field22><field23><en><![CDATA[]]></en><fr_CA><![CDATA[]]></fr_CA></field23><field24><en><![CDATA[]]></en><fr_CA><![CDATA[]]></fr_CA></field24><field25><en><![CDATA[]]></en><fr_CA><![CDATA[]]></fr_CA></field25><field26><en><![CDATA[]]></en><fr_CA><![CDATA[]]></fr_CA></field26><field27><en><![CDATA[]]></en><fr_CA><![CDATA[]]></fr_CA></field27><field28><en><![CDATA[]]></en><fr_CA><![CDATA[]]></fr_CA></field28><field29><en><![CDATA[]]></en><fr_CA><![CDATA[]]></fr_CA></field29><field30><en><![CDATA[]]></en><fr_CA><![CDATA[]]></fr_CA></field30><field31><en><![CDATA[]]></en><fr_CA><![CDATA[]]></fr_CA></field31><field32><en><![CDATA[]]></en><fr_CA><![CDATA[]]></fr_CA></field32><field33><en><![CDATA[]]></en><fr_CA><![CDATA[]]></fr_CA></field33><field34><en><![CDATA[]]></en><fr_CA><![CDATA[]]></fr_CA></field34><field35><en><![CDATA[]]></en><fr_CA><![CDATA[]]></fr_CA></field35><field36><en><![CDATA[]]></en><fr_CA><![CDATA[]]></fr_CA></field36><field37><en><![CDATA[]]></en><fr_CA><![CDATA[]]></fr_CA></field37><field38><en><![CDATA[]]></en><fr_CA><![CDATA[]]></fr_CA></field38><field39><en><![CDATA[]]></en><fr_CA><![CDATA[]]></fr_CA></field39><field40><en><![CDATA[]]></en><fr_CA><![CDATA[]]></fr_CA></field40><field41><en><![CDATA[]]></en><fr_CA><![CDATA[]]></fr_CA></field41><field42><en><![CDATA[]]></en><fr_CA><![CDATA[]]></fr_CA></field42><field43><en><![CDATA[]]></en><fr_CA><![CDATA[]]></fr_CA></field43><field44><en><![CDATA[]]></en><fr_CA><![CDATA[]]></fr_CA></field44><field45><en><![CDATA[]]></en><fr_CA><![CDATA[]]></fr_CA></field45><field46><en><![CDATA[]]></en><fr_CA><![CDATA[]]></fr_CA></field46><field47><en><![CDATA[]]></en><fr_CA><![CDATA[]]></fr_CA></field47><field48><en><![CDATA[]]></en><fr_CA><![CDATA[]]></fr_CA></field48><field49><en><![CDATA[]]></en><fr_CA><![CDATA[]]></fr_CA></field49><field50><en><![CDATA[]]></en><fr_CA><![CDATA[]]></fr_CA></field50><field51><en><![CDATA[]]></en><fr_CA><![CDATA[]]></fr_CA></field51><field52><en><![CDATA[]]></en><fr_CA><![CDATA[]]></fr_CA></field52><field53><en><![CDATA[]]></en><fr_CA><![CDATA[]]></fr_CA></field53><field54><en><![CDATA[]]></en><fr_CA><![CDATA[]]></fr_CA></field54><field55><en><![CDATA[]]></en><fr_CA><![CDATA[]]></fr_CA></field55><field56><en><![CDATA[]]></en><fr_CA><![CDATA[]]></fr_CA></field56><field57><en><![CDATA[]]></en><fr_CA><![CDATA[]]></fr_CA></field57><field58><en><![CDATA[]]></en><fr_CA><![CDATA[]]></fr_CA></field58><field59><en><![CDATA[]]></en><fr_CA><![CDATA[]]></fr_CA></field59><field60><en><![CDATA[]]></en><fr_CA><![CDATA[]]></fr_CA></field60><field61><en><![CDATA[]]></en><fr_CA><![CDATA[]]></fr_CA></field61><field62><en><![CDATA[]]></en><fr_CA><![CDATA[]]></fr_CA></field62><field63><en><![CDATA[]]></en><fr_CA><![CDATA[]]></fr_CA></field63><field64><en><![CDATA[]]></en><fr_CA><![CDATA[]]></fr_CA></field64><field65><en><![CDATA[]]></en><fr_CA><![CDATA[]]></fr_CA></field65><field66><en><![CDATA[]]></en><fr_CA><![CDATA[]]></fr_CA></field66><field67><en><![CDATA[]]></en><fr_CA><![CDATA[]]></fr_CA></field67><field68><en><![CDATA[]]></en><fr_CA><![CDATA[]]></fr_CA></field68><field69><en><![CDATA[]]></en><fr_CA><![CDATA[]]></fr_CA></field69><field70><en><![CDATA[]]></en><fr_CA><![CDATA[]]></fr_CA></field70><field71><en><![CDATA[]]></en><fr_CA><![CDATA[]]></fr_CA></field71><field72><en><![CDATA[]]></en><fr_CA><![CDATA[]]></fr_CA></field72><field73><en><![CDATA[]]></en><fr_CA><![CDATA[]]></fr_CA></field73><field74><en><![CDATA[]]></en><fr_CA><![CDATA[]]></fr_CA></field74><field75><en><![CDATA[]]></en><fr_CA><![CDATA[]]></fr_CA></field75><field76><en><![CDATA[]]></en><fr_CA><![CDATA[]]></fr_CA></field76><field77><en><![CDATA[]]></en><fr_CA><![CDATA[]]></fr_CA></field77><field78><en><![CDATA[]]></en><fr_CA><![CDATA[]]></fr_CA></field78><field79><en><![CDATA[]]></en><fr_CA><![CDATA[]]></fr_CA></field79><field80><en><![CDATA[]]></en><fr_CA><![CDATA[]]></fr_CA></field80><field81><en><![CDATA[]]></en><fr_CA><![CDATA[]]></fr_CA></field81><field82><en><![CDATA[]]></en><fr_CA><![CDATA[]]></fr_CA></field82><field83><en><![CDATA[]]></en><fr_CA><![CDATA[]]></fr_CA></field83><field84><en><![CDATA[]]></en><fr_CA><![CDATA[]]></fr_CA></field84><field85><en><![CDATA[]]></en><fr_CA><![CDATA[]]></fr_CA></field85><field86><en><![CDATA[]]></en><fr_CA><![CDATA[]]></fr_CA></field86><field87><en><![CDATA[]]></en><fr_CA><![CDATA[]]></fr_CA></field87><field88><en><![CDATA[]]></en><fr_CA><![CDATA[]]></fr_CA></field88><field89><en><![CDATA[]]></en><fr_CA><![CDATA[]]></fr_CA></field89><field90><en><![CDATA[]]></en><fr_CA><![CDATA[]]></fr_CA></field90><field91><en><![CDATA[]]></en><fr_CA><![CDATA[]]></fr_CA></field91><field92><en><![CDATA[]]></en><fr_CA><![CDATA[]]></fr_CA></field92><field93><en><![CDATA[]]></en><fr_CA><![CDATA[]]></fr_CA></field93><field94><en><![CDATA[]]></en><fr_CA><![CDATA[]]></fr_CA></field94><field95><en><![CDATA[]]></en><fr_CA><![CDATA[]]></fr_CA></field95><field96><en><![CDATA[]]></en><fr_CA><![CDATA[]]></fr_CA></field96><field97><en><![CDATA[]]></en><fr_CA><![CDATA[]]></fr_CA></field97><field98><en><![CDATA[]]></en><fr_CA><![CDATA[]]></fr_CA></field98><field99><en><![CDATA[]]></en><fr_CA><![CDATA[]]></fr_CA></field99><date_modified>1390252861000</date_modified><bm_variable_name><![CDATA[lineSpecificUse]]></bm_variable_name><guid><![CDATA[bb1c50c7-010b-482a-86be-2fd34f48d8d9]]></guid><_children><bm_catalog><id>729539226</id><company_id>4118171</company_id><segment_id>22</segment_id><level_id>724715728</level_id><parent_id>729538831</parent_id><bm_name><en><![CDATA[Specific Use Model]]></en><fr_CA><![CDATA[]]></fr_CA></bm_name><bm_description><en><![CDATA[]]></en><fr_CA><![CDATA[]]></fr_CA></bm_description><field0><en><![CDATA[0]]></en><fr_CA><![CDATA[]]></fr_CA></field0><field1><en><![CDATA[]]></en><fr_CA><![CDATA[]]></fr_CA></field1><field2><en><![CDATA[]]></en><fr_CA><![CDATA[]]></fr_CA></field2><field3><en><![CDATA[~~~]]></en><fr_CA><![CDATA[]]></fr_CA></field3><field4><en><![CDATA[]]></en><fr_CA><![CDATA[]]></fr_CA></field4><field5><en><![CDATA[]]></en><fr_CA><![CDATA[]]></fr_CA></field5><field6><en><![CDATA[]]></en><fr_CA><![CDATA[]]></fr_CA></field6><field7><en><![CDATA[]]></en><fr_CA><![CDATA[]]></fr_CA></field7><field8><en><![CDATA[]]></en><fr_CA><![CDATA[]]></fr_CA></field8><field9><en><![CDATA[]]></en><fr_CA><![CDATA[]]></fr_CA></field9><field10><en><![CDATA[]]></en><fr_CA><![CDATA[]]></fr_CA></field10><field11><en><![CDATA[]]></en><fr_CA><![CDATA[]]></fr_CA></field11><field12><en><![CDATA[]]></en><fr_CA><![CDATA[]]></fr_CA></field12><field13><en><![CDATA[]]></en><fr_CA><![CDATA[]]></fr_CA></field13><field14><en><![CDATA[]]></en><fr_CA><![CDATA[]]></fr_CA></field14><field15><en><![CDATA[]]></en><fr_CA><![CDATA[]]></fr_CA></field15><field16><en><![CDATA[]]></en><fr_CA><![CDATA[]]></fr_CA></field16><field17><en><![CDATA[]]></en><fr_CA><![CDATA[]]></fr_CA></field17><field18><en><![CDATA[]]></en><fr_CA><![CDATA[]]></fr_CA></field18><field19><en><![CDATA[]]></en><fr_CA><![CDATA[]]></fr_CA></field19><field20><en><![CDATA[]]></en><fr_CA><![CDATA[]]></fr_CA></field20><field21><en><![CDATA[]]></en><fr_CA><![CDATA[]]></fr_CA></field21><field22><en><![CDATA[]]></en><fr_CA><![CDATA[]]></fr_CA></field22><field23><en><![CDATA[]]></en><fr_CA><![CDATA[]]></fr_CA></field23><field24><en><![CDATA[]]></en><fr_CA><![CDATA[]]></fr_CA></field24><field25><en><![CDATA[]]></en><fr_CA><![CDATA[]]></fr_CA></field25><field26><en><![CDATA[]]></en><fr_CA><![CDATA[]]></fr_CA></field26><field27><en><![CDATA[]]></en><fr_CA><![CDATA[]]></fr_CA></field27><field28><en><![CDATA[]]></en><fr_CA><![CDATA[]]></fr_CA></field28><field29><en><![CDATA[]]></en><fr_CA><![CDATA[]]></fr_CA></field29><field30><en><![CDATA[]]></en><fr_CA><![CDATA[]]></fr_CA></field30><field31><en><![CDATA[]]></en><fr_CA><![CDATA[]]></fr_CA></field31><field32><en><![CDATA[]]></en><fr_CA><![CDATA[]]></fr_CA></field32><field33><en><![CDATA[]]></en><fr_CA><![CDATA[]]></fr_CA></field33><field34><en><![CDATA[]]></en><fr_CA><![CDATA[]]></fr_CA></field34><field35><en><![CDATA[]]></en><fr_CA><![CDATA[]]></fr_CA></field35><field36><en><![CDATA[]]></en><fr_CA><![CDATA[]]></fr_CA></field36><field37><en><![CDATA[]]></en><fr_CA><![CDATA[]]></fr_CA></field37><field38><en><![CDATA[]]></en><fr_CA><![CDATA[]]></fr_CA></field38><field39><en><![CDATA[]]></en><fr_CA><![CDATA[]]></fr_CA></field39><field40><en><![CDATA[]]></en><fr_CA><![CDATA[]]></fr_CA></field40><field41><en><![CDATA[]]></en><fr_CA><![CDATA[]]></fr_CA></field41><field42><en><![CDATA[]]></en><fr_CA><![CDATA[]]></fr_CA></field42><field43><en><![CDATA[]]></en><fr_CA><![CDATA[]]></fr_CA></field43><field44><en><![CDATA[]]></en><fr_CA><![CDATA[]]></fr_CA></field44><field45><en><![CDATA[]]></en><fr_CA><![CDATA[]]></fr_CA></field45><field46><en><![CDATA[]]></en><fr_CA><![CDATA[]]></fr_CA></field46><field47><en><![CDATA[]]></en><fr_CA><![CDATA[]]></fr_CA></field47><field48><en><![CDATA[]]></en><fr_CA><![CDATA[]]></fr_CA></field48><field49><en><![CDATA[]]></en><fr_CA><![CDATA[]]></fr_CA></field49><field50><en><![CDATA[]]></en><fr_CA><![CDATA[]]></fr_CA></field50><field51><en><![CDATA[]]></en><fr_CA><![CDATA[]]></fr_CA></field51><field52><en><![CDATA[]]></en><fr_CA><![CDATA[]]></fr_CA></field52><field53><en><![CDATA[]]></en><fr_CA><![CDATA[]]></fr_CA></field53><field54><en><![CDATA[]]></en><fr_CA><![CDATA[]]></fr_CA></field54><field55><en><![CDATA[]]></en><fr_CA><![CDATA[]]></fr_CA></field55><field56><en><![CDATA[]]></en><fr_CA><![CDATA[]]></fr_CA></field56><field57><en><![CDATA[]]></en><fr_CA><![CDATA[]]></fr_CA></field57><field58><en><![CDATA[]]></en><fr_CA><![CDATA[]]></fr_CA></field58><field59><en><![CDATA[]]></en><fr_CA><![CDATA[]]></fr_CA></field59><field60><en><![CDATA[]]></en><fr_CA><![CDATA[]]></fr_CA></field60><field61><en><![CDATA[]]></en><fr_CA><![CDATA[]]></fr_CA></field61><field62><en><![CDATA[]]></en><fr_CA><![CDATA[]]></fr_CA></field62><field63><en><![CDATA[]]></en><fr_CA><![CDATA[]]></fr_CA></field63><field64><en><![CDATA[]]></en><fr_CA><![CDATA[]]></fr_CA></field64><field65><en><![CDATA[]]></en><fr_CA><![CDATA[]]></fr_CA></field65><field66><en><![CDATA[]]></en><fr_CA><![CDATA[]]></fr_CA></field66><field67><en><![CDATA[]]></en><fr_CA><![CDATA[]]></fr_CA></field67><field68><en><![CDATA[]]></en><fr_CA><![CDATA[]]></fr_CA></field68><field69><en><![CDATA[]]></en><fr_CA><![CDATA[]]></fr_CA></field69><field70><en><![CDATA[]]></en><fr_CA><![CDATA[]]></fr_CA></field70><field71><en><![CDATA[]]></en><fr_CA><![CDATA[]]></fr_CA></field71><field72><en><![CDATA[]]></en><fr_CA><![CDATA[]]></fr_CA></field72><field73><en><![CDATA[]]></en><fr_CA><![CDATA[]]></fr_CA></field73><field74><en><![CDATA[]]></en><fr_CA><![CDATA[]]></fr_CA></field74><field75><en><![CDATA[]]></en><fr_CA><![CDATA[]]></fr_CA></field75><field76><en><![CDATA[]]></en><fr_CA><![CDATA[]]></fr_CA></field76><field77><en><![CDATA[]]></en><fr_CA><![CDATA[]]></fr_CA></field77><field78><en><![CDATA[]]></en><fr_CA><![CDATA[]]></fr_CA></field78><field79><en><![CDATA[]]></en><fr_CA><![CDATA[]]></fr_CA></field79><field80><en><![CDATA[]]></en><fr_CA><![CDATA[]]></fr_CA></field80><field81><en><![CDATA[]]></en><fr_CA><![CDATA[]]></fr_CA></field81><field82><en><![CDATA[]]></en><fr_CA><![CDATA[]]></fr_CA></field82><field83><en><![CDATA[]]></en><fr_CA><![CDATA[]]></fr_CA></field83><field84><en><![CDATA[]]></en><fr_CA><![CDATA[]]></fr_CA></field84><field85><en><![CDATA[]]></en><fr_CA><![CDATA[]]></fr_CA></field85><field86><en><![CDATA[]]></en><fr_CA><![CDATA[]]></fr_CA></field86><field87><en><![CDATA[]]></en><fr_CA><![CDATA[]]></fr_CA></field87><field88><en><![CDATA[]]></en><fr_CA><![CDATA[]]></fr_CA></field88><field89><en><![CDATA[]]></en><fr_CA><![CDATA[]]></fr_CA></field89><field90><en><![CDATA[]]></en><fr_CA><![CDATA[]]></fr_CA></field90><field91><en><![CDATA[]]></en><fr_CA><![CDATA[]]></fr_CA></field91><field92><en><![CDATA[]]></en><fr_CA><![CDATA[]]></fr_CA></field92><field93><en><![CDATA[]]></en><fr_CA><![CDATA[]]></fr_CA></field93><field94><en><![CDATA[]]></en><fr_CA><![CDATA[]]></fr_CA></field94><field95><en><![CDATA[]]></en><fr_CA><![CDATA[]]></fr_CA></field95><field96><en><![CDATA[]]></en><fr_CA><![CDATA[]]></fr_CA></field96><field97><en><![CDATA[]]></en><fr_CA><![CDATA[]]></fr_CA></field97><field98><en><![CDATA[]]></en><fr_CA><![CDATA[]]></fr_CA></field98><field99><en><![CDATA[]]></en><fr_CA><![CDATA[]]></fr_CA></field99><date_modified>1390253228000</date_modified><bm_variable_name><![CDATA[specificUseModel]]></bm_variable_name><guid><![CDATA[856c919e-2718-4c66-a456-ae920a9e8ef6]]></guid><_children></_children></bm_catalog></_children></bm_catalog><bm_catalog><id>729554977</id><company_id>4118171</company_id><segment_id>22</segment_id><level_id>724715705</level_id><parent_id>-1</parent_id><bm_name><en><![CDATA[Private Line]]></en><fr_CA><![CDATA[]]></fr_CA></bm_name><bm_description><en><![CDATA[]]></en><fr_CA><![CDATA[]]></fr_CA></bm_description><field0><en><![CDATA[]]></en><fr_CA><![CDATA[]]></fr_CA></field0><field1><en><![CDATA[]]></en><fr_CA><![CDATA[]]></fr_CA></field1><field2><en><![CDATA[]]></en><fr_CA><![CDATA[]]></fr_CA></field2><field3><en><![CDATA[]]></en><fr_CA><![CDATA[]]></fr_CA></field3><field4><en><![CDATA[]]></en><fr_CA><![CDATA[]]></fr_CA></field4><field5><en><![CDATA[]]></en><fr_CA><![CDATA[]]></fr_CA></field5><field6><en><![CDATA[]]></en><fr_CA><![CDATA[]]></fr_CA></field6><field7><en><![CDATA[]]></en><fr_CA><![CDATA[]]></fr_CA></field7><field8><en><![CDATA[]]></en><fr_CA><![CDATA[]]></fr_CA></field8><field9><en><![CDATA[]]></en><fr_CA><![CDATA[]]></fr_CA></field9><field10><en><![CDATA[]]></en><fr_CA><![CDATA[]]></fr_CA></field10><field11><en><![CDATA[]]></en><fr_CA><![CDATA[]]></fr_CA></field11><field12><en><![CDATA[]]></en><fr_CA><![CDATA[]]></fr_CA></field12><field13><en><![CDATA[]]></en><fr_CA><![CDATA[]]></fr_CA></field13><field14><en><![CDATA[]]></en><fr_CA><![CDATA[]]></fr_CA></field14><field15><en><![CDATA[]]></en><fr_CA><![CDATA[]]></fr_CA></field15><field16><en><![CDATA[]]></en><fr_CA><![CDATA[]]></fr_CA></field16><field17><en><![CDATA[]]></en><fr_CA><![CDATA[]]></fr_CA></field17><field18><en><![CDATA[]]></en><fr_CA><![CDATA[]]></fr_CA></field18><field19><en><![CDATA[]]></en><fr_CA><![CDATA[]]></fr_CA></field19><field20><en><![CDATA[]]></en><fr_CA><![CDATA[]]></fr_CA></field20><field21><en><![CDATA[]]></en><fr_CA><![CDATA[]]></fr_CA></field21><field22><en><![CDATA[]]></en><fr_CA><![CDATA[]]></fr_CA></field22><field23><en><![CDATA[]]></en><fr_CA><![CDATA[]]></fr_CA></field23><field24><en><![CDATA[]]></en><fr_CA><![CDATA[]]></fr_CA></field24><field25><en><![CDATA[]]></en><fr_CA><![CDATA[]]></fr_CA></field25><field26><en><![CDATA[]]></en><fr_CA><![CDATA[]]></fr_CA></field26><field27><en><![CDATA[]]></en><fr_CA><![CDATA[]]></fr_CA></field27><field28><en><![CDATA[]]></en><fr_CA><![CDATA[]]></fr_CA></field28><field29><en><![CDATA[]]></en><fr_CA><![CDATA[]]></fr_CA></field29><field30><en><![CDATA[]]></en><fr_CA><![CDATA[]]></fr_CA></field30><field31><en><![CDATA[]]></en><fr_CA><![CDATA[]]></fr_CA></field31><field32><en><![CDATA[]]></en><fr_CA><![CDATA[]]></fr_CA></field32><field33><en><![CDATA[]]></en><fr_CA><![CDATA[]]></fr_CA></field33><field34><en><![CDATA[]]></en><fr_CA><![CDATA[]]></fr_CA></field34><field35><en><![CDATA[]]></en><fr_CA><![CDATA[]]></fr_CA></field35><field36><en><![CDATA[]]></en><fr_CA><![CDATA[]]></fr_CA></field36><field37><en><![CDATA[]]></en><fr_CA><![CDATA[]]></fr_CA></field37><field38><en><![CDATA[]]></en><fr_CA><![CDATA[]]></fr_CA></field38><field39><en><![CDATA[]]></en><fr_CA><![CDATA[]]></fr_CA></field39><field40><en><![CDATA[]]></en><fr_CA><![CDATA[]]></fr_CA></field40><field41><en><![CDATA[]]></en><fr_CA><![CDATA[]]></fr_CA></field41><field42><en><![CDATA[]]></en><fr_CA><![CDATA[]]></fr_CA></field42><field43><en><![CDATA[]]></en><fr_CA><![CDATA[]]></fr_CA></field43><field44><en><![CDATA[]]></en><fr_CA><![CDATA[]]></fr_CA></field44><field45><en><![CDATA[]]></en><fr_CA><![CDATA[]]></fr_CA></field45><field46><en><![CDATA[]]></en><fr_CA><![CDATA[]]></fr_CA></field46><field47><en><![CDATA[]]></en><fr_CA><![CDATA[]]></fr_CA></field47><field48><en><![CDATA[]]></en><fr_CA><![CDATA[]]></fr_CA></field48><field49><en><![CDATA[]]></en><fr_CA><![CDATA[]]></fr_CA></field49><field50><en><![CDATA[]]></en><fr_CA><![CDATA[]]></fr_CA></field50><field51><en><![CDATA[]]></en><fr_CA><![CDATA[]]></fr_CA></field51><field52><en><![CDATA[]]></en><fr_CA><![CDATA[]]></fr_CA></field52><field53><en><![CDATA[]]></en><fr_CA><![CDATA[]]></fr_CA></field53><field54><en><![CDATA[]]></en><fr_CA><![CDATA[]]></fr_CA></field54><field55><en><![CDATA[]]></en><fr_CA><![CDATA[]]></fr_CA></field55><field56><en><![CDATA[]]></en><fr_CA><![CDATA[]]></fr_CA></field56><field57><en><![CDATA[]]></en><fr_CA><![CDATA[]]></fr_CA></field57><field58><en><![CDATA[]]></en><fr_CA><![CDATA[]]></fr_CA></field58><field59><en><![CDATA[]]></en><fr_CA><![CDATA[]]></fr_CA></field59><field60><en><![CDATA[]]></en><fr_CA><![CDATA[]]></fr_CA></field60><field61><en><![CDATA[]]></en><fr_CA><![CDATA[]]></fr_CA></field61><field62><en><![CDATA[]]></en><fr_CA><![CDATA[]]></fr_CA></field62><field63><en><![CDATA[]]></en><fr_CA><![CDATA[]]></fr_CA></field63><field64><en><![CDATA[]]></en><fr_CA><![CDATA[]]></fr_CA></field64><field65><en><![CDATA[]]></en><fr_CA><![CDATA[]]></fr_CA></field65><field66><en><![CDATA[]]></en><fr_CA><![CDATA[]]></fr_CA></field66><field67><en><![CDATA[]]></en><fr_CA><![CDATA[]]></fr_CA></field67><field68><en><![CDATA[]]></en><fr_CA><![CDATA[]]></fr_CA></field68><field69><en><![CDATA[]]></en><fr_CA><![CDATA[]]></fr_CA></field69><field70><en><![CDATA[]]></en><fr_CA><![CDATA[]]></fr_CA></field70><field71><en><![CDATA[]]></en><fr_CA><![CDATA[]]></fr_CA></field71><field72><en><![CDATA[]]></en><fr_CA><![CDATA[]]></fr_CA></field72><field73><en><![CDATA[]]></en><fr_CA><![CDATA[]]></fr_CA></field73><field74><en><![CDATA[]]></en><fr_CA><![CDATA[]]></fr_CA></field74><field75><en><![CDATA[]]></en><fr_CA><![CDATA[]]></fr_CA></field75><field76><en><![CDATA[]]></en><fr_CA><![CDATA[]]></fr_CA></field76><field77><en><![CDATA[]]></en><fr_CA><![CDATA[]]></fr_CA></field77><field78><en><![CDATA[]]></en><fr_CA><![CDATA[]]></fr_CA></field78><field79><en><![CDATA[]]></en><fr_CA><![CDATA[]]></fr_CA></field79><field80><en><![CDATA[]]></en><fr_CA><![CDATA[]]></fr_CA></field80><field81><en><![CDATA[]]></en><fr_CA><![CDATA[]]></fr_CA></field81><field82><en><![CDATA[]]></en><fr_CA><![CDATA[]]></fr_CA></field82><field83><en><![CDATA[]]></en><fr_CA><![CDATA[]]></fr_CA></field83><field84><en><![CDATA[]]></en><fr_CA><![CDATA[]]></fr_CA></field84><field85><en><![CDATA[]]></en><fr_CA><![CDATA[]]></fr_CA></field85><field86><en><![CDATA[]]></en><fr_CA><![CDATA[]]></fr_CA></field86><field87><en><![CDATA[]]></en><fr_CA><![CDATA[]]></fr_CA></field87><field88><en><![CDATA[]]></en><fr_CA><![CDATA[]]></fr_CA></field88><field89><en><![CDATA[]]></en><fr_CA><![CDATA[]]></fr_CA></field89><field90><en><![CDATA[]]></en><fr_CA><![CDATA[]]></fr_CA></field90><field91><en><![CDATA[]]></en><fr_CA><![CDATA[]]></fr_CA></field91><field92><en><![CDATA[]]></en><fr_CA><![CDATA[]]></fr_CA></field92><field93><en><![CDATA[]]></en><fr_CA><![CDATA[]]></fr_CA></field93><field94><en><![CDATA[]]></en><fr_CA><![CDATA[]]></fr_CA></field94><field95><en><![CDATA[]]></en><fr_CA><![CDATA[]]></fr_CA></field95><field96><en><![CDATA[]]></en><fr_CA><![CDATA[]]></fr_CA></field96><field97><en><![CDATA[]]></en><fr_CA><![CDATA[]]></fr_CA></field97><field98><en><![CDATA[]]></en><fr_CA><![CDATA[]]></fr_CA></field98><field99><en><![CDATA[]]></en><fr_CA><![CDATA[]]></fr_CA></field99><date_modified>1390349738000</date_modified><bm_variable_name><![CDATA[ctlprivateLine]]></bm_variable_name><guid><![CDATA[8ef80ccc-0c31-4289-accd-299d4091a2a0]]></guid><_children><bm_catalog><id>729554980</id><company_id>4118171</company_id><segment_id>22</segment_id><level_id>724715728</level_id><parent_id>729554977</parent_id><bm_name><en><![CDATA[E-Line Long Haul]]></en><fr_CA><![CDATA[]]></fr_CA></bm_name><bm_description><en><![CDATA[]]></en><fr_CA><![CDATA[]]></fr_CA></bm_description><field0><en><![CDATA[0]]></en><fr_CA><![CDATA[]]></fr_CA></field0><field1><en><![CDATA[]]></en><fr_CA><![CDATA[]]></fr_CA></field1><field2><en><![CDATA[]]></en><fr_CA><![CDATA[]]></fr_CA></field2><field3><en><![CDATA[~~~]]></en><fr_CA><![CDATA[]]></fr_CA></field3><field4><en><![CDATA[]]></en><fr_CA><![CDATA[]]></fr_CA></field4><field5><en><![CDATA[]]></en><fr_CA><![CDATA[]]></fr_CA></field5><field6><en><![CDATA[]]></en><fr_CA><![CDATA[]]></fr_CA></field6><field7><en><![CDATA[]]></en><fr_CA><![CDATA[]]></fr_CA></field7><field8><en><![CDATA[]]></en><fr_CA><![CDATA[]]></fr_CA></field8><field9><en><![CDATA[]]></en><fr_CA><![CDATA[]]></fr_CA></field9><field10><en><![CDATA[]]></en><fr_CA><![CDATA[]]></fr_CA></field10><field11><en><![CDATA[]]></en><fr_CA><![CDATA[]]></fr_CA></field11><field12><en><![CDATA[]]></en><fr_CA><![CDATA[]]></fr_CA></field12><field13><en><![CDATA[]]></en><fr_CA><![CDATA[]]></fr_CA></field13><field14><en><![CDATA[]]></en><fr_CA><![CDATA[]]></fr_CA></field14><field15><en><![CDATA[]]></en><fr_CA><![CDATA[]]></fr_CA></field15><field16><en><![CDATA[]]></en><fr_CA><![CDATA[]]></fr_CA></field16><field17><en><![CDATA[]]></en><fr_CA><![CDATA[]]></fr_CA></field17><field18><en><![CDATA[]]></en><fr_CA><![CDATA[]]></fr_CA></field18><field19><en><![CDATA[]]></en><fr_CA><![CDATA[]]></fr_CA></field19><field20><en><![CDATA[]]></en><fr_CA><![CDATA[]]></fr_CA></field20><field21><en><![CDATA[]]></en><fr_CA><![CDATA[]]></fr_CA></field21><field22><en><![CDATA[]]></en><fr_CA><![CDATA[]]></fr_CA></field22><field23><en><![CDATA[]]></en><fr_CA><![CDATA[]]></fr_CA></field23><field24><en><![CDATA[]]></en><fr_CA><![CDATA[]]></fr_CA></field24><field25><en><![CDATA[]]></en><fr_CA><![CDATA[]]></fr_CA></field25><field26><en><![CDATA[]]></en><fr_CA><![CDATA[]]></fr_CA></field26><field27><en><![CDATA[]]></en><fr_CA><![CDATA[]]></fr_CA></field27><field28><en><![CDATA[]]></en><fr_CA><![CDATA[]]></fr_CA></field28><field29><en><![CDATA[]]></en><fr_CA><![CDATA[]]></fr_CA></field29><field30><en><![CDATA[]]></en><fr_CA><![CDATA[]]></fr_CA></field30><field31><en><![CDATA[]]></en><fr_CA><![CDATA[]]></fr_CA></field31><field32><en><![CDATA[]]></en><fr_CA><![CDATA[]]></fr_CA></field32><field33><en><![CDATA[]]></en><fr_CA><![CDATA[]]></fr_CA></field33><field34><en><![CDATA[]]></en><fr_CA><![CDATA[]]></fr_CA></field34><field35><en><![CDATA[]]></en><fr_CA><![CDATA[]]></fr_CA></field35><field36><en><![CDATA[]]></en><fr_CA><![CDATA[]]></fr_CA></field36><field37><en><![CDATA[]]></en><fr_CA><![CDATA[]]></fr_CA></field37><field38><en><![CDATA[]]></en><fr_CA><![CDATA[]]></fr_CA></field38><field39><en><![CDATA[]]></en><fr_CA><![CDATA[]]></fr_CA></field39><field40><en><![CDATA[]]></en><fr_CA><![CDATA[]]></fr_CA></field40><field41><en><![CDATA[]]></en><fr_CA><![CDATA[]]></fr_CA></field41><field42><en><![CDATA[]]></en><fr_CA><![CDATA[]]></fr_CA></field42><field43><en><![CDATA[]]></en><fr_CA><![CDATA[]]></fr_CA></field43><field44><en><![CDATA[]]></en><fr_CA><![CDATA[]]></fr_CA></field44><field45><en><![CDATA[]]></en><fr_CA><![CDATA[]]></fr_CA></field45><field46><en><![CDATA[]]></en><fr_CA><![CDATA[]]></fr_CA></field46><field47><en><![CDATA[]]></en><fr_CA><![CDATA[]]></fr_CA></field47><field48><en><![CDATA[]]></en><fr_CA><![CDATA[]]></fr_CA></field48><field49><en><![CDATA[]]></en><fr_CA><![CDATA[]]></fr_CA></field49><field50><en><![CDATA[]]></en><fr_CA><![CDATA[]]></fr_CA></field50><field51><en><![CDATA[]]></en><fr_CA><![CDATA[]]></fr_CA></field51><field52><en><![CDATA[]]></en><fr_CA><![CDATA[]]></fr_CA></field52><field53><en><![CDATA[]]></en><fr_CA><![CDATA[]]></fr_CA></field53><field54><en><![CDATA[]]></en><fr_CA><![CDATA[]]></fr_CA></field54><field55><en><![CDATA[]]></en><fr_CA><![CDATA[]]></fr_CA></field55><field56><en><![CDATA[]]></en><fr_CA><![CDATA[]]></fr_CA></field56><field57><en><![CDATA[]]></en><fr_CA><![CDATA[]]></fr_CA></field57><field58><en><![CDATA[]]></en><fr_CA><![CDATA[]]></fr_CA></field58><field59><en><![CDATA[]]></en><fr_CA><![CDATA[]]></fr_CA></field59><field60><en><![CDATA[]]></en><fr_CA><![CDATA[]]></fr_CA></field60><field61><en><![CDATA[]]></en><fr_CA><![CDATA[]]></fr_CA></field61><field62><en><![CDATA[]]></en><fr_CA><![CDATA[]]></fr_CA></field62><field63><en><![CDATA[]]></en><fr_CA><![CDATA[]]></fr_CA></field63><field64><en><![CDATA[]]></en><fr_CA><![CDATA[]]></fr_CA></field64><field65><en><![CDATA[]]></en><fr_CA><![CDATA[]]></fr_CA></field65><field66><en><![CDATA[]]></en><fr_CA><![CDATA[]]></fr_CA></field66><field67><en><![CDATA[]]></en><fr_CA><![CDATA[]]></fr_CA></field67><field68><en><![CDATA[]]></en><fr_CA><![CDATA[]]></fr_CA></field68><field69><en><![CDATA[]]></en><fr_CA><![CDATA[]]></fr_CA></field69><field70><en><![CDATA[]]></en><fr_CA><![CDATA[]]></fr_CA></field70><field71><en><![CDATA[]]></en><fr_CA><![CDATA[]]></fr_CA></field71><field72><en><![CDATA[]]></en><fr_CA><![CDATA[]]></fr_CA></field72><field73><en><![CDATA[]]></en><fr_CA><![CDATA[]]></fr_CA></field73><field74><en><![CDATA[]]></en><fr_CA><![CDATA[]]></fr_CA></field74><field75><en><![CDATA[]]></en><fr_CA><![CDATA[]]></fr_CA></field75><field76><en><![CDATA[]]></en><fr_CA><![CDATA[]]></fr_CA></field76><field77><en><![CDATA[]]></en><fr_CA><![CDATA[]]></fr_CA></field77><field78><en><![CDATA[]]></en><fr_CA><![CDATA[]]></fr_CA></field78><field79><en><![CDATA[]]></en><fr_CA><![CDATA[]]></fr_CA></field79><field80><en><![CDATA[]]></en><fr_CA><![CDATA[]]></fr_CA></field80><field81><en><![CDATA[]]></en><fr_CA><![CDATA[]]></fr_CA></field81><field82><en><![CDATA[]]></en><fr_CA><![CDATA[]]></fr_CA></field82><field83><en><![CDATA[]]></en><fr_CA><![CDATA[]]></fr_CA></field83><field84><en><![CDATA[]]></en><fr_CA><![CDATA[]]></fr_CA></field84><field85><en><![CDATA[]]></en><fr_CA><![CDATA[]]></fr_CA></field85><field86><en><![CDATA[]]></en><fr_CA><![CDATA[]]></fr_CA></field86><field87><en><![CDATA[]]></en><fr_CA><![CDATA[]]></fr_CA></field87><field88><en><![CDATA[]]></en><fr_CA><![CDATA[]]></fr_CA></field88><field89><en><![CDATA[]]></en><fr_CA><![CDATA[]]></fr_CA></field89><field90><en><![CDATA[]]></en><fr_CA><![CDATA[]]></fr_CA></field90><field91><en><![CDATA[]]></en><fr_CA><![CDATA[]]></fr_CA></field91><field92><en><![CDATA[]]></en><fr_CA><![CDATA[]]></fr_CA></field92><field93><en><![CDATA[]]></en><fr_CA><![CDATA[]]></fr_CA></field93><field94><en><![CDATA[]]></en><fr_CA><![CDATA[]]></fr_CA></field94><field95><en><![CDATA[]]></en><fr_CA><![CDATA[]]></fr_CA></field95><field96><en><![CDATA[]]></en><fr_CA><![CDATA[]]></fr_CA></field96><field97><en><![CDATA[]]></en><fr_CA><![CDATA[]]></fr_CA></field97><field98><en><![CDATA[]]></en><fr_CA><![CDATA[]]></fr_CA></field98><field99><en><![CDATA[]]></en><fr_CA><![CDATA[]]></fr_CA></field99><date_modified>1390351609000</date_modified><bm_variable_name><![CDATA[ctlELineLongHaul]]></bm_variable_name><guid><![CDATA[bbd55b64-1e3e-4c83-8c10-e6308cad7a81]]></guid><_children></_children></bm_catalog></_children></bm_catalog></_children></bm_prd_family>