<bm_prd_family><id>724715703</id><company_id>4118171</company_id><segment_id>22</segment_id><label><en><![CDATA[PoC]]></en><fr_CA><![CDATA[]]></fr_CA></label><variable_name><![CDATA[CTL_SA_PoC]]></variable_name><is_system>0</is_system><date_modified>1389812245000</date_modified><order_number>11</order_number><label1></label1><guid><![CDATA[sbcenturylink_724715703]]></guid><_children><bm_prd_level><id>724715705</id><company_id>4118171</company_id><family_id>724715703</family_id><label><en><![CDATA[Product Line]]></en><fr_CA><![CDATA[]]></fr_CA></label><variable_name><![CDATA[product_line]]></variable_name><order_number>1</order_number><group_type>0</group_type><itr_size>20</itr_size><show_multiple>0</show_multiple><show_search>0</show_search><show_list>1</show_list><default_tab>-1</default_tab><search_groups></search_groups><date_modified>1385589953000</date_modified><guid><![CDATA[sbcenturylink_724715705]]></guid><_children><bm_prd_attr_grp><id>724715707</id><company_id>4118171</company_id><family_id>724715703</family_id><level_id>724715705</level_id><label><en><![CDATA[General]]></en><fr_CA><![CDATA[]]></fr_CA></label><variable_name><![CDATA[general]]></variable_name><order_number>1</order_number><system_defined>1</system_defined><date_modified>1385589953000</date_modified><guid><![CDATA[sbcenturylink_724715707]]></guid><_children><bm_prd_attr_grp_assc><id>724715713</id><company_id>4118171</company_id><family_id>724715703</family_id><group_id>724715707</group_id><attr_id>724715710</attr_id><order_number>1</order_number><date_modified>1385589953000</date_modified><guid><![CDATA[sbcenturylink_724715713]]></guid></bm_prd_attr_grp_assc><bm_prd_attr_grp_assc><id>724715719</id><company_id>4118171</company_id><family_id>724715703</family_id><group_id>724715707</group_id><attr_id>724715716</attr_id><order_number>2</order_number><date_modified>1385589953000</date_modified><guid><![CDATA[sbcenturylink_724715719]]></guid></bm_prd_attr_grp_assc><bm_prd_attr_grp_assc><id>724715725</id><company_id>4118171</company_id><family_id>724715703</family_id><group_id>724715707</group_id><attr_id>724715722</attr_id><order_number>3</order_number><date_modified>1385589953000</date_modified><guid><![CDATA[sbcenturylink_724715725]]></guid></bm_prd_attr_grp_assc></_children></bm_prd_attr_grp><bm_prd_attr><id>724715710</id><company_id>4118171</company_id><family_id>724715703</family_id><level_id>724715705</level_id><label><en><![CDATA[Name]]></en><fr_CA><![CDATA[]]></fr_CA></label><variable_name><![CDATA[_bm_pline_name]]></variable_name><status>1</status><order_number>1</order_number><db_name><![CDATA[bm_name]]></db_name><attr_type>2</attr_type><validation>4</validation><international>0</international><required>1</required><default_value><en><![CDATA[]]></en><fr_CA><![CDATA[]]></fr_CA></default_value><search_operator>6</search_operator><search_label><en><![CDATA[]]></en><fr_CA><![CDATA[]]></fr_CA></search_label><list_label><en><![CDATA[]]></en><fr_CA><![CDATA[]]></fr_CA></list_label><compare_label><en><![CDATA[]]></en><fr_CA><![CDATA[]]></fr_CA></compare_label><profile_label><en><![CDATA[]]></en><fr_CA><![CDATA[]]></fr_CA></profile_label><configurable>1</configurable><searched>1</searched><listed>1</listed><compared>1</compared><profiled>1</profiled><linked>1</linked><range_id>-1</range_id><data><![CDATA[_wildcard_prefix~0~_wildcard_suffix~2~_case_sensitive~1]]></data><base_price>0</base_price><system_defined>1</system_defined><date_modified>1389816910000</date_modified><guid><![CDATA[sbcenturylink_724715710]]></guid><_children></_children></bm_prd_attr><bm_prd_attr><id>724715716</id><company_id>4118171</company_id><family_id>724715703</family_id><level_id>724715705</level_id><label><en><![CDATA[Variable Name]]></en><fr_CA><![CDATA[]]></fr_CA></label><variable_name><![CDATA[_bm_pline_variable_name]]></variable_name><status>1</status><order_number>2</order_number><db_name><![CDATA[bm_variable_name]]></db_name><attr_type>2</attr_type><validation>4</validation><international>0</international><required>1</required><default_value><en><![CDATA[]]></en><fr_CA><![CDATA[]]></fr_CA></default_value><search_operator>6</search_operator><search_label><en><![CDATA[]]></en><fr_CA><![CDATA[]]></fr_CA></search_label><list_label><en><![CDATA[]]></en><fr_CA><![CDATA[]]></fr_CA></list_label><compare_label><en><![CDATA[]]></en><fr_CA><![CDATA[]]></fr_CA></compare_label><profile_label><en><![CDATA[]]></en><fr_CA><![CDATA[]]></fr_CA></profile_label><configurable>1</configurable><searched>0</searched><listed>0</listed><compared>0</compared><profiled>0</profiled><linked>0</linked><range_id>-1</range_id><data><![CDATA[_wildcard_prefix~0~_wildcard_suffix~2~_case_sensitive~1]]></data><base_price>0</base_price><system_defined>1</system_defined><date_modified>1389816910000</date_modified><guid><![CDATA[sbcenturylink_724715716]]></guid><_children></_children></bm_prd_attr><bm_prd_attr><id>724715722</id><company_id>4118171</company_id><family_id>724715703</family_id><level_id>724715705</level_id><label><en><![CDATA[Description]]></en><fr_CA><![CDATA[]]></fr_CA></label><variable_name><![CDATA[_bm_pline_description]]></variable_name><status>1</status><order_number>3</order_number><db_name><![CDATA[bm_description]]></db_name><attr_type>3</attr_type><validation>6</validation><international>0</international><required>0</required><default_value><en><![CDATA[]]></en><fr_CA><![CDATA[]]></fr_CA></default_value><search_operator>6</search_operator><search_label><en><![CDATA[]]></en><fr_CA><![CDATA[]]></fr_CA></search_label><list_label><en><![CDATA[]]></en><fr_CA><![CDATA[]]></fr_CA></list_label><compare_label><en><![CDATA[]]></en><fr_CA><![CDATA[]]></fr_CA></compare_label><profile_label><en><![CDATA[]]></en><fr_CA><![CDATA[]]></fr_CA></profile_label><configurable>0</configurable><searched>1</searched><listed>1</listed><compared>1</compared><profiled>1</profiled><linked>0</linked><range_id>-1</range_id><data><![CDATA[_wildcard_prefix~0~_wildcard_suffix~2~_case_sensitive~1]]></data><base_price>0</base_price><system_defined>1</system_defined><date_modified>1389816910000</date_modified><guid><![CDATA[sbcenturylink_724715722]]></guid><_children></_children></bm_prd_attr></_children></bm_prd_level><bm_prd_level><id>724715728</id><company_id>4118171</company_id><family_id>724715703</family_id><label><en><![CDATA[Model]]></en><fr_CA><![CDATA[]]></fr_CA></label><variable_name><![CDATA[model]]></variable_name><order_number>1</order_number><group_type>1</group_type><itr_size>20</itr_size><show_multiple>0</show_multiple><show_search>0</show_search><show_list>0</show_list><default_tab>-1</default_tab><search_groups></search_groups><date_modified>1385589953000</date_modified><guid><![CDATA[sbcenturylink_724715728]]></guid><_children><bm_prd_attr_grp><id>724715730</id><company_id>4118171</company_id><family_id>724715703</family_id><level_id>724715728</level_id><label><en><![CDATA[General]]></en><fr_CA><![CDATA[]]></fr_CA></label><variable_name><![CDATA[general]]></variable_name><order_number>1</order_number><system_defined>1</system_defined><date_modified>1385589953000</date_modified><guid><![CDATA[sbcenturylink_724715730]]></guid><_children><bm_prd_attr_grp_assc><id>724715736</id><company_id>4118171</company_id><family_id>724715703</family_id><group_id>724715730</group_id><attr_id>724715733</attr_id><order_number>1</order_number><date_modified>1385589953000</date_modified><guid><![CDATA[sbcenturylink_724715736]]></guid></bm_prd_attr_grp_assc><bm_prd_attr_grp_assc><id>724715742</id><company_id>4118171</company_id><family_id>724715703</family_id><group_id>724715730</group_id><attr_id>724715739</attr_id><order_number>2</order_number><date_modified>1385589953000</date_modified><guid><![CDATA[sbcenturylink_724715742]]></guid></bm_prd_attr_grp_assc><bm_prd_attr_grp_assc><id>724715748</id><company_id>4118171</company_id><family_id>724715703</family_id><group_id>724715730</group_id><attr_id>724715745</attr_id><order_number>3</order_number><date_modified>1385589953000</date_modified><guid><![CDATA[sbcenturylink_724715748]]></guid></bm_prd_attr_grp_assc><bm_prd_attr_grp_assc><id>724717042</id><company_id>4118171</company_id><family_id>724715703</family_id><group_id>724715730</group_id><attr_id>724717039</attr_id><order_number>7</order_number><date_modified>1385594729000</date_modified><guid><![CDATA[sbcenturylink_724717042]]></guid></bm_prd_attr_grp_assc><bm_prd_attr_grp_assc><id>724717157</id><company_id>4118171</company_id><family_id>724715703</family_id><group_id>724715730</group_id><attr_id>724717152</attr_id><order_number>8</order_number><date_modified>1385595400000</date_modified><guid><![CDATA[sbcenturylink_724717157]]></guid></bm_prd_attr_grp_assc><bm_prd_attr_grp_assc><id>724717169</id><company_id>4118171</company_id><family_id>724715703</family_id><group_id>724715730</group_id><attr_id>724717166</attr_id><order_number>9</order_number><date_modified>1385595435000</date_modified><guid><![CDATA[sbcenturylink_724717169]]></guid></bm_prd_attr_grp_assc><bm_prd_attr_grp_assc><id>724717179</id><company_id>4118171</company_id><family_id>724715703</family_id><group_id>724715730</group_id><attr_id>724717176</attr_id><order_number>10</order_number><date_modified>1385595482000</date_modified><guid><![CDATA[sbcenturylink_724717179]]></guid></bm_prd_attr_grp_assc></_children></bm_prd_attr_grp><bm_prd_attr><id>724715733</id><company_id>4118171</company_id><family_id>724715703</family_id><level_id>724715728</level_id><label><en><![CDATA[Name]]></en><fr_CA><![CDATA[]]></fr_CA></label><variable_name><![CDATA[_bm_model_name]]></variable_name><status>1</status><order_number>1</order_number><db_name><![CDATA[bm_name]]></db_name><attr_type>2</attr_type><validation>4</validation><international>0</international><required>1</required><default_value><en><![CDATA[]]></en><fr_CA><![CDATA[]]></fr_CA></default_value><search_operator>6</search_operator><search_label><en><![CDATA[]]></en><fr_CA><![CDATA[]]></fr_CA></search_label><list_label><en><![CDATA[]]></en><fr_CA><![CDATA[]]></fr_CA></list_label><compare_label><en><![CDATA[]]></en><fr_CA><![CDATA[]]></fr_CA></compare_label><profile_label><en><![CDATA[]]></en><fr_CA><![CDATA[]]></fr_CA></profile_label><configurable>1</configurable><searched>1</searched><listed>1</listed><compared>1</compared><profiled>1</profiled><linked>1</linked><range_id>-1</range_id><data><![CDATA[_wildcard_prefix~0~_wildcard_suffix~2~_case_sensitive~1]]></data><base_price>0</base_price><system_defined>1</system_defined><date_modified>1389816910000</date_modified><guid><![CDATA[sbcenturylink_724715733]]></guid><_children></_children></bm_prd_attr><bm_prd_attr><id>724715739</id><company_id>4118171</company_id><family_id>724715703</family_id><level_id>724715728</level_id><label><en><![CDATA[Variable Name]]></en><fr_CA><![CDATA[]]></fr_CA></label><variable_name><![CDATA[_bm_model_variable_name]]></variable_name><status>1</status><order_number>2</order_number><db_name><![CDATA[bm_variable_name]]></db_name><attr_type>2</attr_type><validation>4</validation><international>0</international><required>1</required><default_value><en><![CDATA[]]></en><fr_CA><![CDATA[]]></fr_CA></default_value><search_operator>6</search_operator><search_label><en><![CDATA[]]></en><fr_CA><![CDATA[]]></fr_CA></search_label><list_label><en><![CDATA[]]></en><fr_CA><![CDATA[]]></fr_CA></list_label><compare_label><en><![CDATA[]]></en><fr_CA><![CDATA[]]></fr_CA></compare_label><profile_label><en><![CDATA[]]></en><fr_CA><![CDATA[]]></fr_CA></profile_label><configurable>1</configurable><searched>0</searched><listed>0</listed><compared>0</compared><profiled>0</profiled><linked>0</linked><range_id>-1</range_id><data><![CDATA[_wildcard_prefix~0~_wildcard_suffix~2~_case_sensitive~1]]></data><base_price>0</base_price><system_defined>1</system_defined><date_modified>1389816910000</date_modified><guid><![CDATA[sbcenturylink_724715739]]></guid><_children></_children></bm_prd_attr><bm_prd_attr><id>724715745</id><company_id>4118171</company_id><family_id>724715703</family_id><level_id>724715728</level_id><label><en><![CDATA[Description]]></en><fr_CA><![CDATA[]]></fr_CA></label><variable_name><![CDATA[_bm_model_description]]></variable_name><status>1</status><order_number>3</order_number><db_name><![CDATA[bm_description]]></db_name><attr_type>3</attr_type><validation>6</validation><international>0</international><required>0</required><default_value><en><![CDATA[]]></en><fr_CA><![CDATA[]]></fr_CA></default_value><search_operator>6</search_operator><search_label><en><![CDATA[]]></en><fr_CA><![CDATA[]]></fr_CA></search_label><list_label><en><![CDATA[]]></en><fr_CA><![CDATA[]]></fr_CA></list_label><compare_label><en><![CDATA[]]></en><fr_CA><![CDATA[]]></fr_CA></compare_label><profile_label><en><![CDATA[]]></en><fr_CA><![CDATA[]]></fr_CA></profile_label><configurable>0</configurable><searched>1</searched><listed>1</listed><compared>1</compared><profiled>1</profiled><linked>0</linked><range_id>-1</range_id><data><![CDATA[_wildcard_prefix~0~_wildcard_suffix~2~_case_sensitive~1]]></data><base_price>0</base_price><system_defined>1</system_defined><date_modified>1389816910000</date_modified><guid><![CDATA[sbcenturylink_724715745]]></guid><_children></_children></bm_prd_attr><bm_prd_attr><id>724717039</id><company_id>4118171</company_id><family_id>724715703</family_id><level_id>724715728</level_id><label><en><![CDATA[Image]]></en><fr_CA><![CDATA[]]></fr_CA></label><variable_name><![CDATA[_bm_model_ctl_sa_bm_model_image]]></variable_name><status>1</status><order_number>4</order_number><db_name><![CDATA[field3]]></db_name><attr_type>6</attr_type><validation>-1</validation><international>0</international><required>0</required><default_value></default_value><search_operator>-1</search_operator><search_label></search_label><list_label><en><![CDATA[]]></en><fr_CA><![CDATA[]]></fr_CA></list_label><compare_label><en><![CDATA[]]></en><fr_CA><![CDATA[]]></fr_CA></compare_label><profile_label><en><![CDATA[]]></en><fr_CA><![CDATA[]]></fr_CA></profile_label><configurable>0</configurable><searched>0</searched><listed>1</listed><compared>1</compared><profiled>1</profiled><linked>0</linked><range_id>-1</range_id><data><![CDATA[_image_width~~_image_height~]]></data><base_price>0</base_price><system_defined>0</system_defined><date_modified>1389816910000</date_modified><guid><![CDATA[sbcenturylink_724717039]]></guid><_children></_children></bm_prd_attr><bm_prd_attr><id>724717152</id><company_id>4118171</company_id><family_id>724715703</family_id><level_id>724715728</level_id><label><en><![CDATA[hide]]></en><fr_CA><![CDATA[]]></fr_CA></label><variable_name><![CDATA[_bm_model_hide]]></variable_name><status>1</status><order_number>5</order_number><db_name><![CDATA[field0]]></db_name><attr_type>1</attr_type><validation>-1</validation><international>0</international><required>0</required><default_value><![CDATA[1]]></default_value><search_operator>0</search_operator><search_label><en><![CDATA[]]></en><fr_CA><![CDATA[]]></fr_CA></search_label><list_label><en><![CDATA[]]></en><fr_CA><![CDATA[]]></fr_CA></list_label><compare_label><en><![CDATA[]]></en><fr_CA><![CDATA[]]></fr_CA></compare_label><profile_label><en><![CDATA[]]></en><fr_CA><![CDATA[]]></fr_CA></profile_label><configurable>0</configurable><searched>1</searched><listed>1</listed><compared>1</compared><profiled>1</profiled><linked>0</linked><range_id>-1</range_id><data></data><base_price>0</base_price><system_defined>0</system_defined><date_modified>1389816910000</date_modified><guid><![CDATA[sbcenturylink_724717152]]></guid><_children><bm_prd_attr_value><id>724717154</id><company_id>4118171</company_id><attr_id>724717152</attr_id><label><en><![CDATA[True]]></en><fr_CA><![CDATA[]]></fr_CA></label><variable_name><![CDATA[1]]></variable_name><order_number>1</order_number><date_modified>1385595400000</date_modified><guid><![CDATA[sbcenturylink_724717154]]></guid></bm_prd_attr_value><bm_prd_attr_value><id>724717155</id><company_id>4118171</company_id><attr_id>724717152</attr_id><label><en><![CDATA[False]]></en><fr_CA><![CDATA[]]></fr_CA></label><variable_name><![CDATA[0]]></variable_name><order_number>2</order_number><date_modified>1385595400000</date_modified><guid><![CDATA[sbcenturylink_724717155]]></guid></bm_prd_attr_value></_children></bm_prd_attr><bm_prd_attr><id>724717166</id><company_id>4118171</company_id><family_id>724715703</family_id><level_id>724715728</level_id><label><en><![CDATA[Models Before]]></en><fr_CA><![CDATA[]]></fr_CA></label><variable_name><![CDATA[_bm_model_modelsBefore]]></variable_name><status>1</status><order_number>6</order_number><db_name><![CDATA[field1]]></db_name><attr_type>3</attr_type><validation>-1</validation><international>0</international><required>0</required><default_value><en><![CDATA[]]></en><fr_CA><![CDATA[]]></fr_CA></default_value><search_operator>0</search_operator><search_label><en><![CDATA[]]></en><fr_CA><![CDATA[]]></fr_CA></search_label><list_label><en><![CDATA[]]></en><fr_CA><![CDATA[]]></fr_CA></list_label><compare_label><en><![CDATA[]]></en><fr_CA><![CDATA[]]></fr_CA></compare_label><profile_label><en><![CDATA[]]></en><fr_CA><![CDATA[]]></fr_CA></profile_label><configurable>0</configurable><searched>1</searched><listed>1</listed><compared>1</compared><profiled>1</profiled><linked>0</linked><range_id>-1</range_id><data></data><base_price>0</base_price><system_defined>0</system_defined><date_modified>1389816910000</date_modified><guid><![CDATA[sbcenturylink_724717166]]></guid><_children></_children></bm_prd_attr><bm_prd_attr><id>724717176</id><company_id>4118171</company_id><family_id>724715703</family_id><level_id>724715728</level_id><label><en><![CDATA[Models After]]></en><fr_CA><![CDATA[]]></fr_CA></label><variable_name><![CDATA[_bm_model_modelsAfter]]></variable_name><status>1</status><order_number>7</order_number><db_name><![CDATA[field2]]></db_name><attr_type>3</attr_type><validation>-1</validation><international>0</international><required>0</required><default_value><en><![CDATA[]]></en><fr_CA><![CDATA[]]></fr_CA></default_value><search_operator>0</search_operator><search_label><en><![CDATA[]]></en><fr_CA><![CDATA[]]></fr_CA></search_label><list_label><en><![CDATA[]]></en><fr_CA><![CDATA[]]></fr_CA></list_label><compare_label><en><![CDATA[]]></en><fr_CA><![CDATA[]]></fr_CA></compare_label><profile_label><en><![CDATA[]]></en><fr_CA><![CDATA[]]></fr_CA></profile_label><configurable>0</configurable><searched>1</searched><listed>1</listed><compared>1</compared><profiled>1</profiled><linked>0</linked><range_id>-1</range_id><data></data><base_price>0</base_price><system_defined>0</system_defined><date_modified>1389816910000</date_modified><guid><![CDATA[sbcenturylink_724717176]]></guid><_children></_children></bm_prd_attr></_children></bm_prd_level></_children></bm_prd_family>