<bm_prd_family><id>762891561</id><company_id>4118171</company_id><segment_id>23</segment_id><label><en><![CDATA[Migration Family]]></en><fr_CA><![CDATA[]]></fr_CA></label><variable_name><![CDATA[ctlFamilyMigration]]></variable_name><is_system>0</is_system><date_modified>1390605507000</date_modified><order_number>13</order_number><label1></label1><guid><![CDATA[c86e87dc-ec2c-4dfa-bf69-02415a285db6]]></guid><_children><bm_prd_level><id>762891563</id><company_id>4118171</company_id><family_id>762891561</family_id><label><en><![CDATA[Product Line]]></en><fr_CA><![CDATA[]]></fr_CA></label><variable_name><![CDATA[product_line]]></variable_name><order_number>1</order_number><group_type>0</group_type><itr_size>20</itr_size><show_multiple>0</show_multiple><show_search>0</show_search><show_list>1</show_list><default_tab>-1</default_tab><search_groups></search_groups><date_modified>1390605494000</date_modified><guid><![CDATA[a47176ca-f336-476b-81a9-436b7ba8073f]]></guid><_children><bm_prd_attr_grp><id>762891565</id><company_id>4118171</company_id><family_id>762891561</family_id><level_id>762891563</level_id><label><en><![CDATA[General]]></en><fr_CA><![CDATA[]]></fr_CA></label><variable_name><![CDATA[general]]></variable_name><order_number>1</order_number><system_defined>1</system_defined><date_modified>1390605494000</date_modified><guid><![CDATA[2ae4b4f8-a5c7-4022-8dff-8d7a3b752a97]]></guid><_children><bm_prd_attr_grp_assc><id>762891571</id><company_id>4118171</company_id><family_id>762891561</family_id><group_id>762891565</group_id><attr_id>762891568</attr_id><order_number>1</order_number><date_modified>1390605494000</date_modified><guid><![CDATA[a5fa7d6d-5556-46a1-b02d-0e3b86a13bbd]]></guid></bm_prd_attr_grp_assc><bm_prd_attr_grp_assc><id>762891577</id><company_id>4118171</company_id><family_id>762891561</family_id><group_id>762891565</group_id><attr_id>762891574</attr_id><order_number>2</order_number><date_modified>1390605494000</date_modified><guid><![CDATA[30f22070-bc4e-4810-97f7-d81b87e32f04]]></guid></bm_prd_attr_grp_assc><bm_prd_attr_grp_assc><id>762891583</id><company_id>4118171</company_id><family_id>762891561</family_id><group_id>762891565</group_id><attr_id>762891580</attr_id><order_number>3</order_number><date_modified>1390605494000</date_modified><guid><![CDATA[cca92101-91c9-4d6d-ba0a-420a96c3bba8]]></guid></bm_prd_attr_grp_assc></_children></bm_prd_attr_grp><bm_prd_attr><id>762891568</id><company_id>4118171</company_id><family_id>762891561</family_id><level_id>762891563</level_id><label><en><![CDATA[Name]]></en><fr_CA><![CDATA[]]></fr_CA></label><variable_name><![CDATA[_bm_pline_name]]></variable_name><status>1</status><order_number>1</order_number><db_name><![CDATA[bm_name]]></db_name><attr_type>2</attr_type><validation>4</validation><international>0</international><required>1</required><default_value><en><![CDATA[]]></en><fr_CA><![CDATA[]]></fr_CA></default_value><search_operator>6</search_operator><search_label><en><![CDATA[]]></en><fr_CA><![CDATA[]]></fr_CA></search_label><list_label><en><![CDATA[]]></en><fr_CA><![CDATA[]]></fr_CA></list_label><compare_label><en><![CDATA[]]></en><fr_CA><![CDATA[]]></fr_CA></compare_label><profile_label><en><![CDATA[]]></en><fr_CA><![CDATA[]]></fr_CA></profile_label><configurable>1</configurable><searched>1</searched><listed>1</listed><compared>1</compared><profiled>1</profiled><linked>1</linked><range_id>-1</range_id><data><![CDATA[_wildcard_prefix~0~_wildcard_suffix~2~_case_sensitive~1]]></data><base_price>0</base_price><system_defined>1</system_defined><date_modified>1390605511000</date_modified><guid><![CDATA[2e2527f0-a111-4f7a-b617-8a4e796292da]]></guid><_children></_children></bm_prd_attr><bm_prd_attr><id>762891574</id><company_id>4118171</company_id><family_id>762891561</family_id><level_id>762891563</level_id><label><en><![CDATA[Variable Name]]></en><fr_CA><![CDATA[]]></fr_CA></label><variable_name><![CDATA[_bm_pline_variable_name]]></variable_name><status>1</status><order_number>2</order_number><db_name><![CDATA[bm_variable_name]]></db_name><attr_type>2</attr_type><validation>4</validation><international>0</international><required>1</required><default_value><en><![CDATA[]]></en><fr_CA><![CDATA[]]></fr_CA></default_value><search_operator>6</search_operator><search_label><en><![CDATA[]]></en><fr_CA><![CDATA[]]></fr_CA></search_label><list_label><en><![CDATA[]]></en><fr_CA><![CDATA[]]></fr_CA></list_label><compare_label><en><![CDATA[]]></en><fr_CA><![CDATA[]]></fr_CA></compare_label><profile_label><en><![CDATA[]]></en><fr_CA><![CDATA[]]></fr_CA></profile_label><configurable>1</configurable><searched>0</searched><listed>0</listed><compared>0</compared><profiled>0</profiled><linked>0</linked><range_id>-1</range_id><data><![CDATA[_wildcard_prefix~0~_wildcard_suffix~2~_case_sensitive~1]]></data><base_price>0</base_price><system_defined>1</system_defined><date_modified>1390605511000</date_modified><guid><![CDATA[b082a534-76ec-4afc-8960-94e7dafda00f]]></guid><_children></_children></bm_prd_attr><bm_prd_attr><id>762891580</id><company_id>4118171</company_id><family_id>762891561</family_id><level_id>762891563</level_id><label><en><![CDATA[Description]]></en><fr_CA><![CDATA[]]></fr_CA></label><variable_name><![CDATA[_bm_pline_description]]></variable_name><status>1</status><order_number>3</order_number><db_name><![CDATA[bm_description]]></db_name><attr_type>3</attr_type><validation>6</validation><international>0</international><required>0</required><default_value><en><![CDATA[]]></en><fr_CA><![CDATA[]]></fr_CA></default_value><search_operator>6</search_operator><search_label><en><![CDATA[]]></en><fr_CA><![CDATA[]]></fr_CA></search_label><list_label><en><![CDATA[]]></en><fr_CA><![CDATA[]]></fr_CA></list_label><compare_label><en><![CDATA[]]></en><fr_CA><![CDATA[]]></fr_CA></compare_label><profile_label><en><![CDATA[]]></en><fr_CA><![CDATA[]]></fr_CA></profile_label><configurable>0</configurable><searched>1</searched><listed>1</listed><compared>1</compared><profiled>1</profiled><linked>0</linked><range_id>-1</range_id><data><![CDATA[_wildcard_prefix~0~_wildcard_suffix~2~_case_sensitive~1]]></data><base_price>0</base_price><system_defined>1</system_defined><date_modified>1390605511000</date_modified><guid><![CDATA[d4d6e964-755d-49fe-8387-230ff0fbd817]]></guid><_children></_children></bm_prd_attr></_children></bm_prd_level><bm_prd_level><id>762891586</id><company_id>4118171</company_id><family_id>762891561</family_id><label><en><![CDATA[Model]]></en><fr_CA><![CDATA[]]></fr_CA></label><variable_name><![CDATA[model]]></variable_name><order_number>1</order_number><group_type>1</group_type><itr_size>20</itr_size><show_multiple>0</show_multiple><show_search>0</show_search><show_list>0</show_list><default_tab>-1</default_tab><search_groups></search_groups><date_modified>1390605494000</date_modified><guid><![CDATA[d725c99a-0920-45cf-b6c4-60a6fa18ebf9]]></guid><_children><bm_prd_attr_grp><id>762891588</id><company_id>4118171</company_id><family_id>762891561</family_id><level_id>762891586</level_id><label><en><![CDATA[General]]></en><fr_CA><![CDATA[]]></fr_CA></label><variable_name><![CDATA[general]]></variable_name><order_number>1</order_number><system_defined>1</system_defined><date_modified>1390605494000</date_modified><guid><![CDATA[aabd82a9-7a7a-455a-9f1f-8599e22b5579]]></guid><_children><bm_prd_attr_grp_assc><id>762891594</id><company_id>4118171</company_id><family_id>762891561</family_id><group_id>762891588</group_id><attr_id>762891591</attr_id><order_number>1</order_number><date_modified>1390605494000</date_modified><guid><![CDATA[bba174c5-8c60-42ff-baae-293903c8df49]]></guid></bm_prd_attr_grp_assc><bm_prd_attr_grp_assc><id>762891600</id><company_id>4118171</company_id><family_id>762891561</family_id><group_id>762891588</group_id><attr_id>762891597</attr_id><order_number>2</order_number><date_modified>1390605494000</date_modified><guid><![CDATA[47e967e2-0b09-4fed-8892-fe46bd7d45be]]></guid></bm_prd_attr_grp_assc><bm_prd_attr_grp_assc><id>762891606</id><company_id>4118171</company_id><family_id>762891561</family_id><group_id>762891588</group_id><attr_id>762891603</attr_id><order_number>3</order_number><date_modified>1390605494000</date_modified><guid><![CDATA[ccc52ba2-4e72-48a9-b997-341788a35b07]]></guid></bm_prd_attr_grp_assc></_children></bm_prd_attr_grp><bm_prd_attr><id>762891591</id><company_id>4118171</company_id><family_id>762891561</family_id><level_id>762891586</level_id><label><en><![CDATA[Name]]></en><fr_CA><![CDATA[]]></fr_CA></label><variable_name><![CDATA[_bm_model_name]]></variable_name><status>1</status><order_number>1</order_number><db_name><![CDATA[bm_name]]></db_name><attr_type>2</attr_type><validation>4</validation><international>0</international><required>1</required><default_value><en><![CDATA[]]></en><fr_CA><![CDATA[]]></fr_CA></default_value><search_operator>6</search_operator><search_label><en><![CDATA[]]></en><fr_CA><![CDATA[]]></fr_CA></search_label><list_label><en><![CDATA[]]></en><fr_CA><![CDATA[]]></fr_CA></list_label><compare_label><en><![CDATA[]]></en><fr_CA><![CDATA[]]></fr_CA></compare_label><profile_label><en><![CDATA[]]></en><fr_CA><![CDATA[]]></fr_CA></profile_label><configurable>1</configurable><searched>1</searched><listed>1</listed><compared>1</compared><profiled>1</profiled><linked>1</linked><range_id>-1</range_id><data><![CDATA[_wildcard_prefix~0~_wildcard_suffix~2~_case_sensitive~1]]></data><base_price>0</base_price><system_defined>1</system_defined><date_modified>1390605511000</date_modified><guid><![CDATA[58476b8f-b016-43ff-95cb-551cd2e3050c]]></guid><_children></_children></bm_prd_attr><bm_prd_attr><id>762891597</id><company_id>4118171</company_id><family_id>762891561</family_id><level_id>762891586</level_id><label><en><![CDATA[Variable Name]]></en><fr_CA><![CDATA[]]></fr_CA></label><variable_name><![CDATA[_bm_model_variable_name]]></variable_name><status>1</status><order_number>2</order_number><db_name><![CDATA[bm_variable_name]]></db_name><attr_type>2</attr_type><validation>4</validation><international>0</international><required>1</required><default_value><en><![CDATA[]]></en><fr_CA><![CDATA[]]></fr_CA></default_value><search_operator>6</search_operator><search_label><en><![CDATA[]]></en><fr_CA><![CDATA[]]></fr_CA></search_label><list_label><en><![CDATA[]]></en><fr_CA><![CDATA[]]></fr_CA></list_label><compare_label><en><![CDATA[]]></en><fr_CA><![CDATA[]]></fr_CA></compare_label><profile_label><en><![CDATA[]]></en><fr_CA><![CDATA[]]></fr_CA></profile_label><configurable>1</configurable><searched>0</searched><listed>0</listed><compared>0</compared><profiled>0</profiled><linked>0</linked><range_id>-1</range_id><data><![CDATA[_wildcard_prefix~0~_wildcard_suffix~2~_case_sensitive~1]]></data><base_price>0</base_price><system_defined>1</system_defined><date_modified>1390605511000</date_modified><guid><![CDATA[dbe91330-af3c-4f9d-9dca-39f8709b73fc]]></guid><_children></_children></bm_prd_attr><bm_prd_attr><id>762891603</id><company_id>4118171</company_id><family_id>762891561</family_id><level_id>762891586</level_id><label><en><![CDATA[Description]]></en><fr_CA><![CDATA[]]></fr_CA></label><variable_name><![CDATA[_bm_model_description]]></variable_name><status>1</status><order_number>3</order_number><db_name><![CDATA[bm_description]]></db_name><attr_type>3</attr_type><validation>6</validation><international>0</international><required>0</required><default_value><en><![CDATA[]]></en><fr_CA><![CDATA[]]></fr_CA></default_value><search_operator>6</search_operator><search_label><en><![CDATA[]]></en><fr_CA><![CDATA[]]></fr_CA></search_label><list_label><en><![CDATA[]]></en><fr_CA><![CDATA[]]></fr_CA></list_label><compare_label><en><![CDATA[]]></en><fr_CA><![CDATA[]]></fr_CA></compare_label><profile_label><en><![CDATA[]]></en><fr_CA><![CDATA[]]></fr_CA></profile_label><configurable>0</configurable><searched>1</searched><listed>1</listed><compared>1</compared><profiled>1</profiled><linked>0</linked><range_id>-1</range_id><data><![CDATA[_wildcard_prefix~0~_wildcard_suffix~2~_case_sensitive~1]]></data><base_price>0</base_price><system_defined>1</system_defined><date_modified>1390605511000</date_modified><guid><![CDATA[4295274d-f95f-46c1-9b29-659136b2ba46]]></guid><_children></_children></bm_prd_attr></_children></bm_prd_level></_children></bm_prd_family>