<?xml version="1.0" encoding="UTF-8"?><record_list>
    <site_version><![CDATA[13.3.0]]></site_version>
    <each_record>
        <category>model</category>
        <action>add</action>
        <segment_var_name><![CDATA[familyCenturyLinkPrivateLine]]></segment_var_name>
        <pline_variable><![CDATA[ctlprivateLineProductLine]]></pline_variable>
        <_bm_model_name><![CDATA[Eline Metro]]></_bm_model_name>
        <_bm_model_description></_bm_model_description>
        <_bm_model_hide><![CDATA[0]]></_bm_model_hide>
        <_bm_model_modelsBefore></_bm_model_modelsBefore>
        <_bm_model_modelsAfter></_bm_model_modelsAfter>
        <model_variable><![CDATA[ctlELINEMetroModel]]></model_variable>
        <security_></security_>
        <guid><![CDATA[sbcenturylink_341882979]]></guid>
    </each_record>
    <each_record>
        <category>model</category>
        <action>add</action>
        <segment_var_name><![CDATA[familyCenturyLinkPrivateLine]]></segment_var_name>
        <pline_variable><![CDATA[ctlprivateLineProductLine]]></pline_variable>
        <_bm_model_name><![CDATA[e-Line LH (PROTOTYPE)]]></_bm_model_name>
        <_bm_model_description></_bm_model_description>
        <_bm_model_hide><![CDATA[0]]></_bm_model_hide>
        <_bm_model_modelsBefore></_bm_model_modelsBefore>
        <_bm_model_modelsAfter></_bm_model_modelsAfter>
        <model_variable><![CDATA[eLineLHPROTOTYPE]]></model_variable>
        <security_></security_>
        <guid><![CDATA[sbcenturylink_405515527]]></guid>
    </each_record>
    <each_record>
        <category>model</category>
        <action>add</action>
        <segment_var_name><![CDATA[familyCenturyLinkPrivateLine]]></segment_var_name>
        <pline_variable><![CDATA[ctlprivateLineProductLine]]></pline_variable>
        <_bm_model_name><![CDATA[HTML Dynamic Dropdown Prototype]]></_bm_model_name>
        <_bm_model_description></_bm_model_description>
        <_bm_model_hide><![CDATA[0]]></_bm_model_hide>
        <_bm_model_modelsBefore></_bm_model_modelsBefore>
        <_bm_model_modelsAfter></_bm_model_modelsAfter>
        <model_variable><![CDATA[nonArrayJSTransformPrototype]]></model_variable>
        <security_></security_>
        <guid><![CDATA[sbcenturylink_432095373]]></guid>
    </each_record>
    <each_record>
        <category>model</category>
        <action>add</action>
        <segment_var_name><![CDATA[familyCenturyLinkPrivateLine]]></segment_var_name>
        <pline_variable><![CDATA[ctlprivateLineProductLine]]></pline_variable>
        <_bm_model_name><![CDATA[E-Line Combo Prototype]]></_bm_model_name>
        <_bm_model_description></_bm_model_description>
        <_bm_model_hide><![CDATA[0]]></_bm_model_hide>
        <_bm_model_modelsBefore></_bm_model_modelsBefore>
        <_bm_model_modelsAfter></_bm_model_modelsAfter>
        <model_variable><![CDATA[eLineComboPrototype]]></model_variable>
        <security_></security_>
        <guid><![CDATA[sbcenturylink_451097949]]></guid>
    </each_record>
    <each_record>
        <category>model</category>
        <action>add</action>
        <segment_var_name><![CDATA[familyCenturyLinkPrivateLine]]></segment_var_name>
        <pline_variable><![CDATA[ctlprivateLineProductLine]]></pline_variable>
        <_bm_model_name><![CDATA[ELINE Long Haul]]></_bm_model_name>
        <_bm_model_description></_bm_model_description>
        <_bm_model_hide><![CDATA[0]]></_bm_model_hide>
        <_bm_model_modelsBefore></_bm_model_modelsBefore>
        <_bm_model_modelsAfter></_bm_model_modelsAfter>
        <model_variable><![CDATA[ctlELINELongHaulModel]]></model_variable>
        <security_></security_>
        <guid><![CDATA[sbcenturylink_340967813]]></guid>
    </each_record>
    <each_record>
        <category>model</category>
        <action>add</action>
        <segment_var_name><![CDATA[familyCenturyLinkPrivateLine]]></segment_var_name>
        <pline_variable><![CDATA[linePrivateLine2]]></pline_variable>
        <_bm_model_name><![CDATA[ELineSA3]]></_bm_model_name>
        <_bm_model_description></_bm_model_description>
        <_bm_model_hide><![CDATA[0]]></_bm_model_hide>
        <_bm_model_modelsBefore></_bm_model_modelsBefore>
        <_bm_model_modelsAfter></_bm_model_modelsAfter>
        <model_variable><![CDATA[ctlModelCntnrELineSA3]]></model_variable>
        <security_></security_>
        <guid><![CDATA[int1CenturyLink_201401241426]]></guid>
    </each_record>
</record_list>